product_id,company_id,product_name,category,subcategory,description,launch_date,price,cost,rating,total_sales,return_rate,lifecycle_stage,status
P0001,C001,Smart Watch 1,Watches,Smart Watch,Smart Watch designed for modern consumers with practical features and reliable performance.,2025-01-21,49598,26411.37,3.6,97030,0.024,Introduction,Discontinued
P0002,C001,Smart Watch 2,Watches,Smart Watch,Smart Watch designed for modern consumers with practical features and reliable performance.,2026-01-06,7140,3681.32,4.1,3978,0.089,Decline,Active
P0003,C001,Smart Light 3,Home Appliances,Smart Light,Smart Light designed for modern consumers with practical features and reliable performance.,2023-11-28,19231,13323.8,3.2,21426,0.108,Mature,Active
P0004,C001,Headphones 4,Audio,Headphones,Headphones designed for modern consumers with practical features and reliable performance.,2022-03-30,7698,3678.29,3.4,45582,0.095,Decline,Active
P0005,C001,Air Purifier 5,Home Appliances,Air Purifier,Air Purifier designed for modern consumers with practical features and reliable performance.,2025-12-13,37178,20000.03,4.3,47900,0.091,Introduction,Active
P0006,C001,Headphones 6,Audio,Headphones,Headphones designed for modern consumers with practical features and reliable performance.,2025-07-25,6229,4401.38,4.7,50323,0.049,Mature,Active
P0007,C001,Tablet 7,Mobile,Tablet,Tablet designed for modern consumers with practical features and reliable performance.,2025-06-01,14730,9590.0,4.4,90093,0.101,Growth,Active
P0008,C001,Headphones 8,Audio,Headphones,Headphones designed for modern consumers with practical features and reliable performance.,2025-11-03,25867,13734.97,4.8,90698,0.088,Mature,Active
P0009,C001,Wireless Earbuds 9,Audio,Wireless Earbuds,Wireless Earbuds designed for modern consumers with practical features and reliable performance.,2023-10-07,21673,12361.18,3.3,74841,0.133,Growth,Discontinued
P0010,C001,Smart Light 10,Home Appliances,Smart Light,Smart Light designed for modern consumers with practical features and reliable performance.,2023-06-23,31071,15313.7,3.4,98147,0.089,Decline,Discontinued
P0011,C001,Smartphone 11,Mobile,Smartphone,Smartphone designed for modern consumers with practical features and reliable performance.,2022-11-10,10065,6067.76,3.4,6675,0.131,Growth,Discontinued
P0012,C001,Fitness Band 12,Wearables,Fitness Band,Fitness Band designed for modern consumers with practical features and reliable performance.,2025-02-07,26216,14798.56,4.9,69852,0.045,Introduction,Active
P0013,C001,Smart Ring 13,Wearables,Smart Ring,Smart Ring designed for modern consumers with practical features and reliable performance.,2026-01-18,43006,23741.58,3.7,21230,0.074,Mature,Active
P0014,C001,Fitness Band 14,Wearables,Fitness Band,Fitness Band designed for modern consumers with practical features and reliable performance.,2024-02-05,41979,22649.07,4.3,80318,0.038,Growth,Active
P0015,C001,Smart Ring 15,Wearables,Smart Ring,Smart Ring designed for modern consumers with practical features and reliable performance.,2023-05-09,33021,15052.39,4.8,40806,0.044,Introduction,Active
P0016,C001,Air Purifier 16,Home Appliances,Air Purifier,Air Purifier designed for modern consumers with practical features and reliable performance.,2022-12-05,35911,24410.51,3.4,62796,0.143,Mature,Discontinued
P0017,C001,Bluetooth Speaker 17,Audio,Bluetooth Speaker,Bluetooth Speaker designed for modern consumers with practical features and reliable performance.,2025-08-23,48836,32083.31,4.4,52796,0.149,Mature,Discontinued
P0018,C001,Smart Ring 18,Wearables,Smart Ring,Smart Ring designed for modern consumers with practical features and reliable performance.,2023-04-17,8930,4682.64,3.3,3257,0.092,Growth,Active
P0019,C001,Fitness Watch 19,Watches,Fitness Watch,Fitness Watch designed for modern consumers with practical features and reliable performance.,2022-05-26,42359,19809.7,3.3,4617,0.13,Growth,Active
P0020,C001,Air Purifier 20,Home Appliances,Air Purifier,Air Purifier designed for modern consumers with practical features and reliable performance.,2023-05-13,36339,17794.97,4.8,75347,0.091,Decline,Discontinued
P0021,C001,Wireless Earbuds 21,Audio,Wireless Earbuds,Wireless Earbuds designed for modern consumers with practical features and reliable performance.,2026-02-02,7352,4761.85,3.8,54383,0.075,Introduction,Active
P0022,C001,Analog Watch 22,Watches,Analog Watch,Analog Watch designed for modern consumers with practical features and reliable performance.,2025-01-03,48724,26885.45,4.7,33091,0.037,Decline,Active
P0023,C001,Air Purifier 23,Home Appliances,Air Purifier,Air Purifier designed for modern consumers with practical features and reliable performance.,2025-02-01,19254,11336.53,4.7,10380,0.072,Introduction,Active
P0024,C001,Fitness Band 24,Wearables,Fitness Band,Fitness Band designed for modern consumers with practical features and reliable performance.,2024-09-12,7112,5176.9,4.6,22298,0.067,Growth,Discontinued
P0025,C001,Smart Watch 25,Watches,Smart Watch,Smart Watch designed for modern consumers with practical features and reliable performance.,2025-11-27,25836,11642.91,3.9,60138,0.05,Decline,Active
P0026,C001,Headphones 26,Audio,Headphones,Headphones designed for modern consumers with practical features and reliable performance.,2023-10-05,15267,11306.94,4.2,71566,0.019,Introduction,Active
P0027,C001,Smart Ring 27,Wearables,Smart Ring,Smart Ring designed for modern consumers with practical features and reliable performance.,2022-06-14,33954,24644.36,4.1,7955,0.145,Growth,Active
P0028,C001,Fitness Band 28,Wearables,Fitness Band,Fitness Band designed for modern consumers with practical features and reliable performance.,2025-05-02,45250,32061.7,3.9,75168,0.044,Introduction,Active
P0029,C001,Smart Light 29,Home Appliances,Smart Light,Smart Light designed for modern consumers with practical features and reliable performance.,2026-01-06,39251,24318.67,3.7,34679,0.039,Mature,Active
P0030,C001,Tablet 30,Mobile,Tablet,Tablet designed for modern consumers with practical features and reliable performance.,2022-05-29,9577,6239.48,3.7,41941,0.14,Introduction,Discontinued
P0031,C001,Fitness Band 31,Wearables,Fitness Band,Fitness Band designed for modern consumers with practical features and reliable performance.,2022-05-21,5801,3546.1,4.1,17861,0.141,Growth,Active
P0032,C001,Smartphone 32,Mobile,Smartphone,Smartphone designed for modern consumers with practical features and reliable performance.,2025-09-01,29716,20804.87,4.4,80673,0.148,Introduction,Active
P0033,C001,Smart Watch 33,Watches,Smart Watch,Smart Watch designed for modern consumers with practical features and reliable performance.,2023-08-01,18332,8884.21,3.4,73012,0.032,Growth,Active
P0034,C001,Bluetooth Speaker 34,Audio,Bluetooth Speaker,Bluetooth Speaker designed for modern consumers with practical features and reliable performance.,2022-04-15,42565,30045.52,4.1,33414,0.137,Introduction,Discontinued
P0035,C001,Smartphone 35,Mobile,Smartphone,Smartphone designed for modern consumers with practical features and reliable performance.,2024-06-23,1232,677.68,3.4,34835,0.033,Decline,Active
P0036,C001,Smart Watch 36,Watches,Smart Watch,Smart Watch designed for modern consumers with practical features and reliable performance.,2022-10-31,46286,33380.47,4.1,48893,0.092,Decline,Active
P0037,C001,Analog Watch 37,Watches,Analog Watch,Analog Watch designed for modern consumers with practical features and reliable performance.,2023-03-07,24897,17918.23,4.6,5729,0.136,Growth,Active
P0038,C001,Tablet 38,Mobile,Tablet,Tablet designed for modern consumers with practical features and reliable performance.,2022-12-29,41675,28124.09,4.8,31529,0.131,Decline,Active
P0039,C001,Bluetooth Speaker 39,Audio,Bluetooth Speaker,Bluetooth Speaker designed for modern consumers with practical features and reliable performance.,2023-05-24,22770,15590.98,3.9,88306,0.131,Mature,Active
P0040,C001,Analog Watch 40,Watches,Analog Watch,Analog Watch designed for modern consumers with practical features and reliable performance.,2023-04-12,3537,2502.7,3.6,60832,0.059,Growth,Active
P0041,C001,Headphones 41,Audio,Headphones,Headphones designed for modern consumers with practical features and reliable performance.,2024-11-09,22512,12011.97,3.3,37085,0.059,Decline,Active
P0042,C001,Smart Watch 42,Watches,Smart Watch,Smart Watch designed for modern consumers with practical features and reliable performance.,2025-05-06,18118,9123.69,4.8,35295,0.015,Decline,Active
P0043,C001,Tablet 43,Mobile,Tablet,Tablet designed for modern consumers with practical features and reliable performance.,2022-04-01,40728,30353.39,3.4,76074,0.037,Decline,Active
P0044,C001,Fitness Band 44,Wearables,Fitness Band,Fitness Band designed for modern consumers with practical features and reliable performance.,2025-09-20,24869,14408.83,4.8,43779,0.097,Introduction,Active
P0045,C001,Smart Ring 45,Wearables,Smart Ring,Smart Ring designed for modern consumers with practical features and reliable performance.,2023-01-28,44705,25594.41,3.9,39252,0.088,Decline,Discontinued
P0046,C001,Bluetooth Speaker 46,Audio,Bluetooth Speaker,Bluetooth Speaker designed for modern consumers with practical features and reliable performance.,2023-03-07,38296,20690.75,4.1,553,0.053,Decline,Active
P0047,C001,Smart Fan 47,Home Appliances,Smart Fan,Smart Fan designed for modern consumers with practical features and reliable performance.,2022-06-23,29977,19565.63,4.1,96963,0.034,Mature,Active
P0048,C001,Smart Watch 48,Watches,Smart Watch,Smart Watch designed for modern consumers with practical features and reliable performance.,2023-05-17,45092,24490.63,4.6,19813,0.013,Decline,Active
P0049,C001,Smart Fan 49,Home Appliances,Smart Fan,Smart Fan designed for modern consumers with practical features and reliable performance.,2023-05-15,42272,26322.83,4.4,50828,0.079,Growth,Active
P0050,C001,Analog Watch 50,Watches,Analog Watch,Analog Watch designed for modern consumers with practical features and reliable performance.,2025-02-15,15341,7712.93,4.8,68389,0.075,Growth,Active
P0051,C002,Air Purifier 51,Home Appliances,Air Purifier,Air Purifier designed for modern consumers with practical features and reliable performance.,2024-06-25,31450,20451.1,4.9,78547,0.054,Decline,Discontinued
P0052,C002,Bluetooth Speaker 52,Audio,Bluetooth Speaker,Bluetooth Speaker designed for modern consumers with practical features and reliable performance.,2024-12-03,32108,18783.85,4.5,84079,0.049,Decline,Active
P0053,C002,Tablet 53,Mobile,Tablet,Tablet designed for modern consumers with practical features and reliable performance.,2025-01-11,6077,4035.51,3.6,44520,0.055,Introduction,Active
P0054,C002,Wireless Earbuds 54,Audio,Wireless Earbuds,Wireless Earbuds designed for modern consumers with practical features and reliable performance.,2023-11-09,26102,17179.94,4.4,8918,0.068,Decline,Discontinued
P0055,C002,Smart Watch 55,Watches,Smart Watch,Smart Watch designed for modern consumers with practical features and reliable performance.,2025-03-25,28534,16174.3,4.5,91663,0.013,Decline,Discontinued
P0056,C002,Analog Watch 56,Watches,Analog Watch,Analog Watch designed for modern consumers with practical features and reliable performance.,2025-01-23,20569,13905.52,4.7,55421,0.085,Growth,Discontinued
P0057,C002,Headphones 57,Audio,Headphones,Headphones designed for modern consumers with practical features and reliable performance.,2024-04-08,29562,17609.86,3.9,88170,0.105,Growth,Discontinued
P0058,C002,Bluetooth Speaker 58,Audio,Bluetooth Speaker,Bluetooth Speaker designed for modern consumers with practical features and reliable performance.,2022-06-21,36004,16493.07,3.9,74475,0.103,Decline,Active
P0059,C002,Air Purifier 59,Home Appliances,Air Purifier,Air Purifier designed for modern consumers with practical features and reliable performance.,2024-02-16,4295,2267.96,3.8,60098,0.056,Mature,Discontinued
P0060,C002,Smartphone 60,Mobile,Smartphone,Smartphone designed for modern consumers with practical features and reliable performance.,2022-05-21,31822,14504.94,4.1,46370,0.041,Introduction,Active
P0061,C002,Wireless Earbuds 61,Audio,Wireless Earbuds,Wireless Earbuds designed for modern consumers with practical features and reliable performance.,2025-03-01,2335,1486.0,3.6,62570,0.104,Growth,Discontinued
P0062,C002,Tablet 62,Mobile,Tablet,Tablet designed for modern consumers with practical features and reliable performance.,2022-12-02,11996,7578.69,4.8,94656,0.026,Mature,Active
P0063,C002,Fitness Band 63,Wearables,Fitness Band,Fitness Band designed for modern consumers with practical features and reliable performance.,2026-01-04,21444,13354.02,4.7,49692,0.066,Growth,Active
P0064,C002,Fitness Band 64,Wearables,Fitness Band,Fitness Band designed for modern consumers with practical features and reliable performance.,2022-09-05,7678,5061.01,3.7,90187,0.094,Introduction,Active
P0065,C002,Smart Ring 65,Wearables,Smart Ring,Smart Ring designed for modern consumers with practical features and reliable performance.,2024-05-10,44353,24889.63,4.1,45225,0.012,Decline,Active
P0066,C002,Smart Fan 66,Home Appliances,Smart Fan,Smart Fan designed for modern consumers with practical features and reliable performance.,2024-12-04,42653,30602.35,4.0,20552,0.071,Mature,Discontinued
P0067,C002,Smart Fan 67,Home Appliances,Smart Fan,Smart Fan designed for modern consumers with practical features and reliable performance.,2022-06-27,48908,30701.62,3.7,32677,0.126,Mature,Discontinued
P0068,C002,Headphones 68,Audio,Headphones,Headphones designed for modern consumers with practical features and reliable performance.,2023-10-28,38345,24276.2,3.8,4261,0.079,Growth,Discontinued
P0069,C002,Headphones 69,Audio,Headphones,Headphones designed for modern consumers with practical features and reliable performance.,2025-02-12,17931,9899.73,4.7,92405,0.133,Introduction,Active
P0070,C002,Smart Watch 70,Watches,Smart Watch,Smart Watch designed for modern consumers with practical features and reliable performance.,2025-08-15,48190,27561.23,4.1,31999,0.107,Decline,Discontinued
P0071,C002,Smart Watch 71,Watches,Smart Watch,Smart Watch designed for modern consumers with practical features and reliable performance.,2024-01-26,20283,10475.74,4.4,40635,0.103,Decline,Active
P0072,C002,Smart Light 72,Home Appliances,Smart Light,Smart Light designed for modern consumers with practical features and reliable performance.,2023-04-18,37070,20360.23,4.4,36009,0.053,Introduction,Active
P0073,C002,Smartphone 73,Mobile,Smartphone,Smartphone designed for modern consumers with practical features and reliable performance.,2024-09-18,49685,30345.57,4.5,24767,0.037,Mature,Active
P0074,C002,Smart Watch 74,Watches,Smart Watch,Smart Watch designed for modern consumers with practical features and reliable performance.,2022-09-17,20414,10579.45,3.5,2354,0.109,Mature,Active
P0075,C002,Fitness Watch 75,Watches,Fitness Watch,Fitness Watch designed for modern consumers with practical features and reliable performance.,2022-01-26,20145,13280.09,3.4,99169,0.079,Mature,Discontinued
P0076,C002,Smart Fan 76,Home Appliances,Smart Fan,Smart Fan designed for modern consumers with practical features and reliable performance.,2022-05-14,23328,11787.85,3.3,63116,0.026,Decline,Discontinued
P0077,C002,Fitness Watch 77,Watches,Fitness Watch,Fitness Watch designed for modern consumers with practical features and reliable performance.,2022-06-24,42251,27713.92,3.5,74272,0.143,Growth,Active
P0078,C002,Smart Ring 78,Wearables,Smart Ring,Smart Ring designed for modern consumers with practical features and reliable performance.,2024-06-25,40735,25615.72,4.3,68994,0.063,Mature,Discontinued
P0079,C002,Smartphone 79,Mobile,Smartphone,Smartphone designed for modern consumers with practical features and reliable performance.,2023-06-26,40952,30223.91,3.4,27735,0.098,Introduction,Active
P0080,C002,Wireless Earbuds 80,Audio,Wireless Earbuds,Wireless Earbuds designed for modern consumers with practical features and reliable performance.,2024-08-20,37175,17565.91,3.2,59548,0.107,Mature,Active
P0081,C002,Headphones 81,Audio,Headphones,Headphones designed for modern consumers with practical features and reliable performance.,2023-06-26,47331,25313.35,4.7,9829,0.106,Growth,Discontinued
P0082,C002,Fitness Watch 82,Watches,Fitness Watch,Fitness Watch designed for modern consumers with practical features and reliable performance.,2022-12-06,15733,10136.62,4.7,19143,0.02,Mature,Active
P0083,C002,Air Purifier 83,Home Appliances,Air Purifier,Air Purifier designed for modern consumers with practical features and reliable performance.,2024-10-08,31716,20824.83,4.4,36183,0.08,Decline,Active
P0084,C002,Fitness Band 84,Wearables,Fitness Band,Fitness Band designed for modern consumers with practical features and reliable performance.,2025-10-12,29313,19650.27,4.2,3890,0.023,Introduction,Active
P0085,C002,Fitness Band 85,Wearables,Fitness Band,Fitness Band designed for modern consumers with practical features and reliable performance.,2025-04-13,12481,7378.15,4.3,36958,0.035,Decline,Discontinued
P0086,C002,Analog Watch 86,Watches,Analog Watch,Analog Watch designed for modern consumers with practical features and reliable performance.,2023-11-07,23803,13627.32,3.7,14210,0.13,Decline,Discontinued
P0087,C002,Tablet 87,Mobile,Tablet,Tablet designed for modern consumers with practical features and reliable performance.,2024-04-07,37051,17080.85,3.3,33582,0.055,Introduction,Discontinued
P0088,C002,Air Purifier 88,Home Appliances,Air Purifier,Air Purifier designed for modern consumers with practical features and reliable performance.,2022-04-16,13293,8049.33,4.3,65838,0.098,Growth,Active
P0089,C002,Fitness Band 89,Wearables,Fitness Band,Fitness Band designed for modern consumers with practical features and reliable performance.,2025-07-14,19876,11556.6,4.4,16415,0.014,Growth,Active
P0090,C002,Smartphone 90,Mobile,Smartphone,Smartphone designed for modern consumers with practical features and reliable performance.,2022-08-29,37192,21288.6,3.6,15371,0.075,Growth,Discontinued
P0091,C002,Tablet 91,Mobile,Tablet,Tablet designed for modern consumers with practical features and reliable performance.,2022-10-24,28229,19772.08,4.9,32446,0.074,Decline,Active
P0092,C002,Fitness Band 92,Wearables,Fitness Band,Fitness Band designed for modern consumers with practical features and reliable performance.,2024-11-05,5575,2970.77,4.5,54887,0.058,Mature,Active
P0093,C002,Tablet 93,Mobile,Tablet,Tablet designed for modern consumers with practical features and reliable performance.,2024-09-18,39465,24625.25,4.3,19976,0.073,Mature,Active
P0094,C002,Smart Ring 94,Wearables,Smart Ring,Smart Ring designed for modern consumers with practical features and reliable performance.,2024-02-24,30841,22509.48,4.7,91922,0.043,Growth,Discontinued
P0095,C002,Analog Watch 95,Watches,Analog Watch,Analog Watch designed for modern consumers with practical features and reliable performance.,2025-09-21,49804,29478.63,4.8,50468,0.064,Growth,Discontinued
P0096,C002,Smart Watch 96,Watches,Smart Watch,Smart Watch designed for modern consumers with practical features and reliable performance.,2024-06-20,33918,25085.96,3.8,13654,0.132,Introduction,Discontinued
P0097,C002,Fitness Watch 97,Watches,Fitness Watch,Fitness Watch designed for modern consumers with practical features and reliable performance.,2023-06-27,10447,5986.06,4.3,20732,0.02,Mature,Discontinued
P0098,C002,Analog Watch 98,Watches,Analog Watch,Analog Watch designed for modern consumers with practical features and reliable performance.,2024-09-26,45194,31988.43,3.8,42005,0.098,Introduction,Active
P0099,C002,Bluetooth Speaker 99,Audio,Bluetooth Speaker,Bluetooth Speaker designed for modern consumers with practical features and reliable performance.,2022-07-21,45852,33301.33,4.9,98380,0.023,Introduction,Discontinued
P0100,C002,Bluetooth Speaker 100,Audio,Bluetooth Speaker,Bluetooth Speaker designed for modern consumers with practical features and reliable performance.,2024-02-07,20625,14871.19,3.3,7855,0.051,Decline,Active
P0101,C003,Bluetooth Speaker 101,Audio,Bluetooth Speaker,Bluetooth Speaker designed for modern consumers with practical features and reliable performance.,2025-06-02,28004,17356.27,4.5,22780,0.035,Decline,Active
P0102,C003,Smart Light 102,Home Appliances,Smart Light,Smart Light designed for modern consumers with practical features and reliable performance.,2022-01-20,10379,5393.52,4.3,60736,0.046,Decline,Active
P0103,C003,Fitness Band 103,Wearables,Fitness Band,Fitness Band designed for modern consumers with practical features and reliable performance.,2024-05-18,5840,3401.91,3.8,77514,0.052,Mature,Discontinued
P0104,C003,Smartphone 104,Mobile,Smartphone,Smartphone designed for modern consumers with practical features and reliable performance.,2025-03-23,26211,18504.98,3.4,50486,0.09,Mature,Active
P0105,C003,Fitness Watch 105,Watches,Fitness Watch,Fitness Watch designed for modern consumers with practical features and reliable performance.,2022-04-11,26939,14340.82,4.2,90389,0.119,Decline,Active
P0106,C003,Bluetooth Speaker 106,Audio,Bluetooth Speaker,Bluetooth Speaker designed for modern consumers with practical features and reliable performance.,2026-01-16,24089,12422.73,3.5,33350,0.105,Growth,Active
P0107,C003,Analog Watch 107,Watches,Analog Watch,Analog Watch designed for modern consumers with practical features and reliable performance.,2023-08-28,29889,13749.22,3.8,17724,0.023,Mature,Discontinued
P0108,C003,Wireless Earbuds 108,Audio,Wireless Earbuds,Wireless Earbuds designed for modern consumers with practical features and reliable performance.,2023-07-13,9661,6627.0,4.7,48453,0.084,Growth,Active
P0109,C003,Smart Fan 109,Home Appliances,Smart Fan,Smart Fan designed for modern consumers with practical features and reliable performance.,2022-10-16,49926,35503.33,4.6,61885,0.145,Growth,Discontinued
P0110,C003,Smart Ring 110,Wearables,Smart Ring,Smart Ring designed for modern consumers with practical features and reliable performance.,2024-01-25,6918,4754.08,3.2,70829,0.027,Mature,Discontinued
P0111,C003,Smartphone 111,Mobile,Smartphone,Smartphone designed for modern consumers with practical features and reliable performance.,2025-06-03,45226,23524.15,3.2,74084,0.056,Growth,Active
P0112,C003,Smart Light 112,Home Appliances,Smart Light,Smart Light designed for modern consumers with practical features and reliable performance.,2023-09-16,20804,13413.83,3.4,6443,0.142,Decline,Active
P0113,C003,Smart Watch 113,Watches,Smart Watch,Smart Watch designed for modern consumers with practical features and reliable performance.,2025-11-27,36228,17777.05,4.0,88381,0.143,Decline,Active
P0114,C003,Smart Light 114,Home Appliances,Smart Light,Smart Light designed for modern consumers with practical features and reliable performance.,2024-01-29,7489,5243.11,4.2,37166,0.015,Growth,Discontinued
P0115,C003,Air Purifier 115,Home Appliances,Air Purifier,Air Purifier designed for modern consumers with practical features and reliable performance.,2025-08-13,24768,11883.84,4.4,71864,0.136,Mature,Active
P0116,C003,Smart Fan 116,Home Appliances,Smart Fan,Smart Fan designed for modern consumers with practical features and reliable performance.,2023-03-11,13439,9951.07,4.8,60100,0.023,Introduction,Active
P0117,C003,Smartphone 117,Mobile,Smartphone,Smartphone designed for modern consumers with practical features and reliable performance.,2023-03-19,9252,6347.74,3.5,73141,0.039,Growth,Active
P0118,C003,Bluetooth Speaker 118,Audio,Bluetooth Speaker,Bluetooth Speaker designed for modern consumers with practical features and reliable performance.,2022-12-24,1185,631.82,4.9,17538,0.086,Introduction,Active
P0119,C003,Wireless Earbuds 119,Audio,Wireless Earbuds,Wireless Earbuds designed for modern consumers with practical features and reliable performance.,2023-06-28,24477,16815.59,3.6,42937,0.012,Introduction,Active
P0120,C003,Smart Light 120,Home Appliances,Smart Light,Smart Light designed for modern consumers with practical features and reliable performance.,2022-08-12,8448,5691.41,4.0,47953,0.082,Decline,Active
P0121,C003,Fitness Band 121,Wearables,Fitness Band,Fitness Band designed for modern consumers with practical features and reliable performance.,2025-08-10,48660,33330.55,4.7,68847,0.052,Introduction,Active
P0122,C003,Smart Fan 122,Home Appliances,Smart Fan,Smart Fan designed for modern consumers with practical features and reliable performance.,2022-06-15,28936,18977.08,4.0,58638,0.02,Mature,Active
P0123,C003,Smart Watch 123,Watches,Smart Watch,Smart Watch designed for modern consumers with practical features and reliable performance.,2025-05-08,19023,12123.27,4.2,93843,0.056,Mature,Discontinued
P0124,C003,Smart Ring 124,Wearables,Smart Ring,Smart Ring designed for modern consumers with practical features and reliable performance.,2025-02-03,7499,5158.78,3.4,86314,0.101,Growth,Discontinued
P0125,C003,Air Purifier 125,Home Appliances,Air Purifier,Air Purifier designed for modern consumers with practical features and reliable performance.,2023-10-03,28119,15512.68,4.0,55024,0.112,Decline,Active
P0126,C003,Tablet 126,Mobile,Tablet,Tablet designed for modern consumers with practical features and reliable performance.,2022-07-10,11003,7218.48,4.0,12457,0.126,Decline,Active
P0127,C003,Smartphone 127,Mobile,Smartphone,Smartphone designed for modern consumers with practical features and reliable performance.,2022-09-08,37462,17532.0,4.8,74120,0.056,Decline,Active
P0128,C003,Smart Light 128,Home Appliances,Smart Light,Smart Light designed for modern consumers with practical features and reliable performance.,2024-11-05,4371,3236.81,4.2,46590,0.025,Growth,Active
P0129,C003,Air Purifier 129,Home Appliances,Air Purifier,Air Purifier designed for modern consumers with practical features and reliable performance.,2025-03-21,8092,4491.34,4.1,15558,0.117,Growth,Discontinued
P0130,C003,Fitness Band 130,Wearables,Fitness Band,Fitness Band designed for modern consumers with practical features and reliable performance.,2023-07-14,40911,29812.88,4.6,35554,0.014,Mature,Active
P0131,C003,Smartphone 131,Mobile,Smartphone,Smartphone designed for modern consumers with practical features and reliable performance.,2025-07-20,12888,9162.84,4.2,53031,0.02,Introduction,Active
P0132,C003,Fitness Band 132,Wearables,Fitness Band,Fitness Band designed for modern consumers with practical features and reliable performance.,2023-10-27,25654,14775.41,3.8,49003,0.054,Introduction,Active
P0133,C003,Wireless Earbuds 133,Audio,Wireless Earbuds,Wireless Earbuds designed for modern consumers with practical features and reliable performance.,2024-09-21,41490,19289.89,3.3,58579,0.103,Decline,Discontinued
P0134,C003,Smartphone 134,Mobile,Smartphone,Smartphone designed for modern consumers with practical features and reliable performance.,2025-04-29,34577,16740.29,3.9,37625,0.105,Decline,Active
P0135,C003,Smart Watch 135,Watches,Smart Watch,Smart Watch designed for modern consumers with practical features and reliable performance.,2023-03-09,26903,20051.71,3.3,27294,0.052,Growth,Active
P0136,C003,Tablet 136,Mobile,Tablet,Tablet designed for modern consumers with practical features and reliable performance.,2024-12-26,8863,4008.9,4.5,23528,0.028,Growth,Active
P0137,C003,Analog Watch 137,Watches,Analog Watch,Analog Watch designed for modern consumers with practical features and reliable performance.,2025-03-25,49630,22963.34,3.2,10705,0.131,Decline,Discontinued
P0138,C003,Smart Fan 138,Home Appliances,Smart Fan,Smart Fan designed for modern consumers with practical features and reliable performance.,2025-06-19,8548,4885.26,4.8,23027,0.122,Decline,Active
P0139,C003,Analog Watch 139,Watches,Analog Watch,Analog Watch designed for modern consumers with practical features and reliable performance.,2023-09-28,7937,4151.01,4.2,69176,0.021,Mature,Active
P0140,C003,Smartphone 140,Mobile,Smartphone,Smartphone designed for modern consumers with practical features and reliable performance.,2023-12-17,6005,3621.89,3.4,67340,0.037,Mature,Active
P0141,C003,Wireless Earbuds 141,Audio,Wireless Earbuds,Wireless Earbuds designed for modern consumers with practical features and reliable performance.,2025-09-04,10597,5582.4,3.5,20536,0.116,Introduction,Active
P0142,C003,Smart Fan 142,Home Appliances,Smart Fan,Smart Fan designed for modern consumers with practical features and reliable performance.,2025-07-03,37944,25724.63,4.0,74489,0.1,Mature,Active
P0143,C003,Headphones 143,Audio,Headphones,Headphones designed for modern consumers with practical features and reliable performance.,2023-12-22,5475,3233.95,4.3,36502,0.093,Introduction,Active
P0144,C003,Smart Fan 144,Home Appliances,Smart Fan,Smart Fan designed for modern consumers with practical features and reliable performance.,2022-07-04,3464,1617.92,4.6,10557,0.1,Decline,Discontinued
P0145,C003,Fitness Band 145,Wearables,Fitness Band,Fitness Band designed for modern consumers with practical features and reliable performance.,2024-09-01,30473,22023.29,4.2,25172,0.055,Growth,Active
P0146,C003,Air Purifier 146,Home Appliances,Air Purifier,Air Purifier designed for modern consumers with practical features and reliable performance.,2023-05-23,23507,17506.03,3.3,85189,0.034,Decline,Discontinued
P0147,C003,Fitness Band 147,Wearables,Fitness Band,Fitness Band designed for modern consumers with practical features and reliable performance.,2025-10-22,24848,13960.99,3.7,54078,0.118,Introduction,Active
P0148,C003,Analog Watch 148,Watches,Analog Watch,Analog Watch designed for modern consumers with practical features and reliable performance.,2025-09-06,7193,4440.88,3.9,33529,0.111,Growth,Active
P0149,C003,Fitness Watch 149,Watches,Fitness Watch,Fitness Watch designed for modern consumers with practical features and reliable performance.,2024-03-13,44490,21908.14,3.8,86490,0.108,Growth,Active
P0150,C003,Tablet 150,Mobile,Tablet,Tablet designed for modern consumers with practical features and reliable performance.,2025-11-04,43171,29680.0,4.6,88333,0.108,Introduction,Discontinued
P0151,C004,Smart Ring 151,Wearables,Smart Ring,Smart Ring designed for modern consumers with practical features and reliable performance.,2024-09-22,2194,1225.96,3.5,28574,0.058,Growth,Active
P0152,C004,Wireless Earbuds 152,Audio,Wireless Earbuds,Wireless Earbuds designed for modern consumers with practical features and reliable performance.,2024-12-14,6057,3263.13,4.5,67043,0.118,Introduction,Active
P0153,C004,Fitness Band 153,Wearables,Fitness Band,Fitness Band designed for modern consumers with practical features and reliable performance.,2022-12-06,40141,22600.02,3.5,91312,0.118,Decline,Active
P0154,C004,Smart Fan 154,Home Appliances,Smart Fan,Smart Fan designed for modern consumers with practical features and reliable performance.,2024-07-08,45326,30181.48,4.8,80531,0.05,Growth,Active
P0155,C004,Tablet 155,Mobile,Tablet,Tablet designed for modern consumers with practical features and reliable performance.,2023-08-01,13715,7685.23,4.8,58249,0.075,Decline,Discontinued
P0156,C004,Wireless Earbuds 156,Audio,Wireless Earbuds,Wireless Earbuds designed for modern consumers with practical features and reliable performance.,2024-01-31,40627,19968.97,3.6,84540,0.077,Introduction,Active
P0157,C004,Smartphone 157,Mobile,Smartphone,Smartphone designed for modern consumers with practical features and reliable performance.,2022-07-07,11506,6119.32,4.7,19813,0.126,Growth,Discontinued
P0158,C004,Smartphone 158,Mobile,Smartphone,Smartphone designed for modern consumers with practical features and reliable performance.,2022-06-17,28190,13135.89,4.1,31403,0.064,Mature,Active
P0159,C004,Analog Watch 159,Watches,Analog Watch,Analog Watch designed for modern consumers with practical features and reliable performance.,2023-08-11,7493,5258.23,4.3,19642,0.029,Decline,Active
P0160,C004,Smart Fan 160,Home Appliances,Smart Fan,Smart Fan designed for modern consumers with practical features and reliable performance.,2022-11-03,41327,18662.25,3.3,34044,0.04,Decline,Active
P0161,C004,Smartphone 161,Mobile,Smartphone,Smartphone designed for modern consumers with practical features and reliable performance.,2024-07-25,20736,10089.19,3.6,84248,0.121,Introduction,Active
P0162,C004,Smart Light 162,Home Appliances,Smart Light,Smart Light designed for modern consumers with practical features and reliable performance.,2023-08-20,36130,16436.64,4.1,32211,0.111,Decline,Active
P0163,C004,Smart Ring 163,Wearables,Smart Ring,Smart Ring designed for modern consumers with practical features and reliable performance.,2024-01-09,16765,10414.4,3.5,88084,0.022,Introduction,Active
P0164,C004,Smart Fan 164,Home Appliances,Smart Fan,Smart Fan designed for modern consumers with practical features and reliable performance.,2024-01-02,3853,2468.62,4.9,33746,0.115,Introduction,Active
P0165,C004,Bluetooth Speaker 165,Audio,Bluetooth Speaker,Bluetooth Speaker designed for modern consumers with practical features and reliable performance.,2022-10-01,44063,28133.22,4.5,96862,0.116,Introduction,Active
P0166,C004,Smart Ring 166,Wearables,Smart Ring,Smart Ring designed for modern consumers with practical features and reliable performance.,2024-09-07,43126,21671.97,4.5,61399,0.147,Growth,Active
P0167,C004,Fitness Watch 167,Watches,Fitness Watch,Fitness Watch designed for modern consumers with practical features and reliable performance.,2023-10-09,30994,14291.18,3.5,26644,0.134,Mature,Discontinued
P0168,C004,Smart Ring 168,Wearables,Smart Ring,Smart Ring designed for modern consumers with practical features and reliable performance.,2022-04-08,17601,8113.82,4.3,38001,0.06,Mature,Active
P0169,C004,Analog Watch 169,Watches,Analog Watch,Analog Watch designed for modern consumers with practical features and reliable performance.,2023-01-18,29636,21244.45,4.5,51178,0.057,Decline,Discontinued
P0170,C004,Tablet 170,Mobile,Tablet,Tablet designed for modern consumers with practical features and reliable performance.,2023-01-05,6414,4285.35,3.3,79464,0.149,Mature,Active
P0171,C004,Smart Watch 171,Watches,Smart Watch,Smart Watch designed for modern consumers with practical features and reliable performance.,2022-12-08,22490,14579.72,3.7,79486,0.11,Decline,Active
P0172,C004,Air Purifier 172,Home Appliances,Air Purifier,Air Purifier designed for modern consumers with practical features and reliable performance.,2022-04-28,48632,34577.89,3.8,57508,0.048,Introduction,Discontinued
P0173,C004,Smartphone 173,Mobile,Smartphone,Smartphone designed for modern consumers with practical features and reliable performance.,2022-05-18,3040,1498.21,4.2,57932,0.015,Growth,Active
P0174,C004,Tablet 174,Mobile,Tablet,Tablet designed for modern consumers with practical features and reliable performance.,2024-02-01,38174,17549.18,3.5,59472,0.143,Decline,Active
P0175,C004,Fitness Band 175,Wearables,Fitness Band,Fitness Band designed for modern consumers with practical features and reliable performance.,2022-08-21,35698,19993.91,3.7,37028,0.045,Introduction,Active
P0176,C004,Smart Light 176,Home Appliances,Smart Light,Smart Light designed for modern consumers with practical features and reliable performance.,2023-03-16,26361,19087.02,3.4,34616,0.109,Mature,Discontinued
P0177,C004,Wireless Earbuds 177,Audio,Wireless Earbuds,Wireless Earbuds designed for modern consumers with practical features and reliable performance.,2022-06-29,9895,6984.36,4.0,94002,0.072,Mature,Active
P0178,C004,Fitness Watch 178,Watches,Fitness Watch,Fitness Watch designed for modern consumers with practical features and reliable performance.,2025-12-05,36531,19621.12,3.7,21144,0.11,Growth,Active
P0179,C004,Fitness Band 179,Wearables,Fitness Band,Fitness Band designed for modern consumers with practical features and reliable performance.,2022-02-23,8953,6674.82,4.5,31529,0.121,Mature,Active
P0180,C004,Smart Light 180,Home Appliances,Smart Light,Smart Light designed for modern consumers with practical features and reliable performance.,2026-01-08,9504,6021.59,3.3,41039,0.066,Decline,Discontinued
P0181,C004,Smart Light 181,Home Appliances,Smart Light,Smart Light designed for modern consumers with practical features and reliable performance.,2025-10-24,5833,2844.16,3.7,10220,0.073,Mature,Active
P0182,C004,Fitness Band 182,Wearables,Fitness Band,Fitness Band designed for modern consumers with practical features and reliable performance.,2024-11-27,9456,5482.45,4.7,7763,0.126,Growth,Active
P0183,C004,Wireless Earbuds 183,Audio,Wireless Earbuds,Wireless Earbuds designed for modern consumers with practical features and reliable performance.,2022-06-11,22145,16175.18,3.6,68512,0.135,Mature,Active
P0184,C004,Smart Ring 184,Wearables,Smart Ring,Smart Ring designed for modern consumers with practical features and reliable performance.,2022-12-12,9203,5866.97,4.2,12745,0.08,Growth,Active
P0185,C004,Smart Ring 185,Wearables,Smart Ring,Smart Ring designed for modern consumers with practical features and reliable performance.,2025-08-06,37937,17540.49,4.7,11146,0.016,Mature,Active
P0186,C004,Smart Ring 186,Wearables,Smart Ring,Smart Ring designed for modern consumers with practical features and reliable performance.,2025-08-07,41508,26635.57,4.0,82703,0.086,Mature,Discontinued
P0187,C004,Bluetooth Speaker 187,Audio,Bluetooth Speaker,Bluetooth Speaker designed for modern consumers with practical features and reliable performance.,2024-05-01,27613,14889.76,3.3,8352,0.032,Decline,Discontinued
P0188,C004,Headphones 188,Audio,Headphones,Headphones designed for modern consumers with practical features and reliable performance.,2023-12-09,40758,20097.79,4.7,42353,0.113,Decline,Active
P0189,C004,Smartphone 189,Mobile,Smartphone,Smartphone designed for modern consumers with practical features and reliable performance.,2022-07-18,21913,11450.01,3.4,59429,0.045,Introduction,Active
P0190,C004,Smart Light 190,Home Appliances,Smart Light,Smart Light designed for modern consumers with practical features and reliable performance.,2025-03-29,28402,14896.31,4.7,21432,0.124,Mature,Active
P0191,C004,Headphones 191,Audio,Headphones,Headphones designed for modern consumers with practical features and reliable performance.,2024-03-16,34733,20494.02,4.7,65691,0.013,Decline,Active
P0192,C004,Bluetooth Speaker 192,Audio,Bluetooth Speaker,Bluetooth Speaker designed for modern consumers with practical features and reliable performance.,2025-09-01,24127,11209.34,3.7,78817,0.134,Decline,Active
P0193,C004,Fitness Band 193,Wearables,Fitness Band,Fitness Band designed for modern consumers with practical features and reliable performance.,2024-04-05,8044,4659.71,4.7,95855,0.061,Mature,Active
P0194,C004,Air Purifier 194,Home Appliances,Air Purifier,Air Purifier designed for modern consumers with practical features and reliable performance.,2024-10-29,38373,23735.43,3.8,38327,0.02,Decline,Active
P0195,C004,Fitness Band 195,Wearables,Fitness Band,Fitness Band designed for modern consumers with practical features and reliable performance.,2024-01-19,9432,7003.49,3.9,44944,0.088,Growth,Active
P0196,C004,Smart Ring 196,Wearables,Smart Ring,Smart Ring designed for modern consumers with practical features and reliable performance.,2024-08-28,33773,15605.71,3.3,94031,0.057,Decline,Active
P0197,C004,Fitness Band 197,Wearables,Fitness Band,Fitness Band designed for modern consumers with practical features and reliable performance.,2023-09-05,22493,16406.63,3.7,52005,0.149,Mature,Discontinued
P0198,C004,Smart Ring 198,Wearables,Smart Ring,Smart Ring designed for modern consumers with practical features and reliable performance.,2024-05-03,32122,22315.95,3.8,88817,0.025,Mature,Active
P0199,C004,Smart Ring 199,Wearables,Smart Ring,Smart Ring designed for modern consumers with practical features and reliable performance.,2026-01-17,18401,13618.97,4.5,76321,0.091,Introduction,Discontinued
P0200,C004,Bluetooth Speaker 200,Audio,Bluetooth Speaker,Bluetooth Speaker designed for modern consumers with practical features and reliable performance.,2025-10-26,42223,28135.5,4.5,50332,0.031,Growth,Active
P0201,C005,Fitness Band 201,Wearables,Fitness Band,Fitness Band designed for modern consumers with practical features and reliable performance.,2023-02-22,13503,6153.06,3.7,20348,0.068,Decline,Discontinued
P0202,C005,Fitness Watch 202,Watches,Fitness Watch,Fitness Watch designed for modern consumers with practical features and reliable performance.,2024-02-11,10049,6085.72,4.2,87299,0.077,Mature,Active
P0203,C005,Smart Light 203,Home Appliances,Smart Light,Smart Light designed for modern consumers with practical features and reliable performance.,2025-11-20,23434,14385.71,4.3,94993,0.105,Mature,Discontinued
P0204,C005,Wireless Earbuds 204,Audio,Wireless Earbuds,Wireless Earbuds designed for modern consumers with practical features and reliable performance.,2025-12-14,19284,11906.44,3.6,39508,0.118,Growth,Discontinued
P0205,C005,Tablet 205,Mobile,Tablet,Tablet designed for modern consumers with practical features and reliable performance.,2022-09-07,23859,14748.35,4.8,95089,0.048,Decline,Discontinued
P0206,C005,Smartphone 206,Mobile,Smartphone,Smartphone designed for modern consumers with practical features and reliable performance.,2024-06-24,20035,9268.59,4.8,10858,0.058,Mature,Discontinued
P0207,C005,Wireless Earbuds 207,Audio,Wireless Earbuds,Wireless Earbuds designed for modern consumers with practical features and reliable performance.,2025-06-14,36296,19285.51,4.2,36101,0.029,Growth,Active
P0208,C005,Fitness Watch 208,Watches,Fitness Watch,Fitness Watch designed for modern consumers with practical features and reliable performance.,2026-01-09,35802,18534.75,3.6,13633,0.068,Decline,Active
P0209,C005,Wireless Earbuds 209,Audio,Wireless Earbuds,Wireless Earbuds designed for modern consumers with practical features and reliable performance.,2024-09-01,37067,27554.61,3.5,86075,0.141,Decline,Active
P0210,C005,Tablet 210,Mobile,Tablet,Tablet designed for modern consumers with practical features and reliable performance.,2023-04-21,19704,12684.83,4.7,12225,0.101,Introduction,Active
P0211,C005,Air Purifier 211,Home Appliances,Air Purifier,Air Purifier designed for modern consumers with practical features and reliable performance.,2023-08-16,3381,2532.88,3.9,65430,0.036,Introduction,Active
P0212,C005,Smartphone 212,Mobile,Smartphone,Smartphone designed for modern consumers with practical features and reliable performance.,2022-10-02,22957,12290.45,4.9,71711,0.083,Decline,Active
P0213,C005,Wireless Earbuds 213,Audio,Wireless Earbuds,Wireless Earbuds designed for modern consumers with practical features and reliable performance.,2022-01-29,22671,11307.12,4.0,34220,0.111,Mature,Active
P0214,C005,Fitness Band 214,Wearables,Fitness Band,Fitness Band designed for modern consumers with practical features and reliable performance.,2024-11-21,12501,7916.71,4.3,53648,0.126,Mature,Active
P0215,C005,Smart Light 215,Home Appliances,Smart Light,Smart Light designed for modern consumers with practical features and reliable performance.,2022-01-14,7251,3664.9,3.4,42915,0.141,Mature,Discontinued
P0216,C005,Headphones 216,Audio,Headphones,Headphones designed for modern consumers with practical features and reliable performance.,2023-06-20,18497,13617.68,3.7,95249,0.09,Mature,Active
P0217,C005,Fitness Watch 217,Watches,Fitness Watch,Fitness Watch designed for modern consumers with practical features and reliable performance.,2025-12-11,8747,5157.39,3.5,90425,0.08,Mature,Active
P0218,C005,Tablet 218,Mobile,Tablet,Tablet designed for modern consumers with practical features and reliable performance.,2025-05-25,41280,21311.0,4.8,63176,0.031,Mature,Discontinued
P0219,C005,Smart Ring 219,Wearables,Smart Ring,Smart Ring designed for modern consumers with practical features and reliable performance.,2025-05-05,36226,25017.62,4.6,32935,0.105,Introduction,Discontinued
P0220,C005,Smart Ring 220,Wearables,Smart Ring,Smart Ring designed for modern consumers with practical features and reliable performance.,2023-02-19,6118,4436.61,3.4,72281,0.136,Growth,Active
P0221,C005,Tablet 221,Mobile,Tablet,Tablet designed for modern consumers with practical features and reliable performance.,2024-11-11,8617,5636.28,4.4,64571,0.023,Decline,Active
P0222,C005,Air Purifier 222,Home Appliances,Air Purifier,Air Purifier designed for modern consumers with practical features and reliable performance.,2023-09-24,34636,19902.79,4.2,73742,0.075,Introduction,Discontinued
P0223,C005,Smartphone 223,Mobile,Smartphone,Smartphone designed for modern consumers with practical features and reliable performance.,2022-05-11,49877,25705.13,3.3,56034,0.058,Introduction,Active
P0224,C005,Air Purifier 224,Home Appliances,Air Purifier,Air Purifier designed for modern consumers with practical features and reliable performance.,2025-08-15,19814,11346.69,4.5,84585,0.147,Decline,Active
P0225,C005,Smart Fan 225,Home Appliances,Smart Fan,Smart Fan designed for modern consumers with practical features and reliable performance.,2022-09-30,25739,14483.17,4.4,87242,0.132,Mature,Active
P0226,C005,Bluetooth Speaker 226,Audio,Bluetooth Speaker,Bluetooth Speaker designed for modern consumers with practical features and reliable performance.,2022-02-16,26759,16286.94,4.4,29688,0.127,Mature,Discontinued
P0227,C005,Smart Ring 227,Wearables,Smart Ring,Smart Ring designed for modern consumers with practical features and reliable performance.,2023-07-19,35860,20217.26,3.6,60875,0.058,Growth,Active
P0228,C005,Fitness Watch 228,Watches,Fitness Watch,Fitness Watch designed for modern consumers with practical features and reliable performance.,2022-05-18,28475,18066.73,4.8,2550,0.044,Introduction,Active
P0229,C005,Smart Light 229,Home Appliances,Smart Light,Smart Light designed for modern consumers with practical features and reliable performance.,2024-06-17,45041,29771.47,3.3,97564,0.016,Growth,Active
P0230,C005,Smart Watch 230,Watches,Smart Watch,Smart Watch designed for modern consumers with practical features and reliable performance.,2025-03-28,34023,25450.74,3.6,96381,0.091,Mature,Active
P0231,C005,Smartphone 231,Mobile,Smartphone,Smartphone designed for modern consumers with practical features and reliable performance.,2025-04-26,44267,26842.42,3.9,36564,0.019,Growth,Discontinued
P0232,C005,Smart Ring 232,Wearables,Smart Ring,Smart Ring designed for modern consumers with practical features and reliable performance.,2024-12-10,4072,3020.15,4.8,88494,0.063,Mature,Discontinued
P0233,C005,Air Purifier 233,Home Appliances,Air Purifier,Air Purifier designed for modern consumers with practical features and reliable performance.,2023-04-07,20653,11626.36,4.5,62565,0.044,Mature,Active
P0234,C005,Air Purifier 234,Home Appliances,Air Purifier,Air Purifier designed for modern consumers with practical features and reliable performance.,2023-05-13,37856,21721.9,3.9,69967,0.029,Mature,Active
P0235,C005,Smartphone 235,Mobile,Smartphone,Smartphone designed for modern consumers with practical features and reliable performance.,2022-04-16,30477,21460.08,3.4,95472,0.126,Mature,Discontinued
P0236,C005,Fitness Band 236,Wearables,Fitness Band,Fitness Band designed for modern consumers with practical features and reliable performance.,2023-03-21,5769,2921.7,4.5,95436,0.104,Decline,Active
P0237,C005,Tablet 237,Mobile,Tablet,Tablet designed for modern consumers with practical features and reliable performance.,2024-09-07,2004,1029.14,3.5,97686,0.026,Growth,Active
P0238,C005,Air Purifier 238,Home Appliances,Air Purifier,Air Purifier designed for modern consumers with practical features and reliable performance.,2024-01-06,37181,20318.84,3.7,61612,0.085,Mature,Active
P0239,C005,Tablet 239,Mobile,Tablet,Tablet designed for modern consumers with practical features and reliable performance.,2023-10-18,31540,15126.03,4.9,62037,0.117,Growth,Active
P0240,C005,Tablet 240,Mobile,Tablet,Tablet designed for modern consumers with practical features and reliable performance.,2025-02-07,3996,2472.55,3.6,19626,0.012,Decline,Active
P0241,C005,Wireless Earbuds 241,Audio,Wireless Earbuds,Wireless Earbuds designed for modern consumers with practical features and reliable performance.,2025-09-02,22618,11738.87,4.2,32708,0.08,Mature,Active
P0242,C005,Smart Light 242,Home Appliances,Smart Light,Smart Light designed for modern consumers with practical features and reliable performance.,2022-12-13,43054,28927.05,4.0,96545,0.121,Growth,Discontinued
P0243,C005,Bluetooth Speaker 243,Audio,Bluetooth Speaker,Bluetooth Speaker designed for modern consumers with practical features and reliable performance.,2025-09-30,43061,31743.32,4.1,10242,0.142,Introduction,Active
P0244,C005,Air Purifier 244,Home Appliances,Air Purifier,Air Purifier designed for modern consumers with practical features and reliable performance.,2024-07-22,42333,21989.03,4.4,1698,0.041,Mature,Active
P0245,C005,Smart Ring 245,Wearables,Smart Ring,Smart Ring designed for modern consumers with practical features and reliable performance.,2022-02-04,44206,26362.53,3.2,72805,0.068,Mature,Active
P0246,C005,Fitness Watch 246,Watches,Fitness Watch,Fitness Watch designed for modern consumers with practical features and reliable performance.,2022-07-17,46734,30480.38,4.6,23996,0.025,Growth,Active
P0247,C005,Bluetooth Speaker 247,Audio,Bluetooth Speaker,Bluetooth Speaker designed for modern consumers with practical features and reliable performance.,2024-04-11,35501,18663.78,3.8,52522,0.021,Decline,Active
P0248,C005,Headphones 248,Audio,Headphones,Headphones designed for modern consumers with practical features and reliable performance.,2022-07-11,45829,32007.83,3.3,85682,0.116,Decline,Discontinued
P0249,C005,Smart Light 249,Home Appliances,Smart Light,Smart Light designed for modern consumers with practical features and reliable performance.,2024-06-07,32195,15029.74,3.2,22963,0.022,Mature,Active
P0250,C005,Fitness Band 250,Wearables,Fitness Band,Fitness Band designed for modern consumers with practical features and reliable performance.,2022-04-06,16057,8244.07,4.7,74789,0.077,Introduction,Active
P0251,C006,Fitness Band 251,Wearables,Fitness Band,Fitness Band designed for modern consumers with practical features and reliable performance.,2025-12-30,12754,9292.95,3.7,27652,0.092,Decline,Active
P0252,C006,Smartphone 252,Mobile,Smartphone,Smartphone designed for modern consumers with practical features and reliable performance.,2025-01-12,37959,19819.98,4.6,51507,0.105,Mature,Discontinued
P0253,C006,Bluetooth Speaker 253,Audio,Bluetooth Speaker,Bluetooth Speaker designed for modern consumers with practical features and reliable performance.,2024-06-14,48458,22946.23,4.5,45832,0.018,Growth,Active
P0254,C006,Tablet 254,Mobile,Tablet,Tablet designed for modern consumers with practical features and reliable performance.,2023-12-30,22389,10274.04,3.7,59554,0.079,Decline,Discontinued
P0255,C006,Bluetooth Speaker 255,Audio,Bluetooth Speaker,Bluetooth Speaker designed for modern consumers with practical features and reliable performance.,2023-05-20,39395,25535.9,3.3,81583,0.051,Introduction,Active
P0256,C006,Smartphone 256,Mobile,Smartphone,Smartphone designed for modern consumers with practical features and reliable performance.,2024-01-09,25903,17186.72,4.3,97448,0.065,Introduction,Active
P0257,C006,Analog Watch 257,Watches,Analog Watch,Analog Watch designed for modern consumers with practical features and reliable performance.,2024-06-01,30146,16820.72,3.7,17867,0.022,Decline,Discontinued
P0258,C006,Smart Watch 258,Watches,Smart Watch,Smart Watch designed for modern consumers with practical features and reliable performance.,2024-02-28,6873,3822.59,3.4,78886,0.12,Introduction,Active
P0259,C006,Smart Fan 259,Home Appliances,Smart Fan,Smart Fan designed for modern consumers with practical features and reliable performance.,2022-12-14,6550,4371.82,4.2,32316,0.09,Decline,Active
P0260,C006,Headphones 260,Audio,Headphones,Headphones designed for modern consumers with practical features and reliable performance.,2024-05-12,20734,10999.84,3.4,22416,0.071,Mature,Discontinued
P0261,C006,Analog Watch 261,Watches,Analog Watch,Analog Watch designed for modern consumers with practical features and reliable performance.,2023-02-05,17495,12828.5,4.4,65485,0.093,Decline,Active
P0262,C006,Headphones 262,Audio,Headphones,Headphones designed for modern consumers with practical features and reliable performance.,2023-11-06,1443,1060.1,3.8,81789,0.063,Decline,Active
P0263,C006,Smart Light 263,Home Appliances,Smart Light,Smart Light designed for modern consumers with practical features and reliable performance.,2023-10-06,39954,19610.92,3.7,91633,0.038,Growth,Discontinued
P0264,C006,Tablet 264,Mobile,Tablet,Tablet designed for modern consumers with practical features and reliable performance.,2023-10-30,49160,32371.24,4.0,75981,0.119,Decline,Active
P0265,C006,Smart Fan 265,Home Appliances,Smart Fan,Smart Fan designed for modern consumers with practical features and reliable performance.,2025-01-31,8463,6174.78,3.5,72016,0.035,Introduction,Discontinued
P0266,C006,Headphones 266,Audio,Headphones,Headphones designed for modern consumers with practical features and reliable performance.,2022-10-13,20092,14052.03,3.3,54127,0.104,Mature,Active
P0267,C006,Smartphone 267,Mobile,Smartphone,Smartphone designed for modern consumers with practical features and reliable performance.,2024-09-08,47873,27619.77,3.8,59360,0.149,Decline,Discontinued
P0268,C006,Fitness Band 268,Wearables,Fitness Band,Fitness Band designed for modern consumers with practical features and reliable performance.,2022-06-24,24562,16222.96,4.6,78333,0.099,Introduction,Active
P0269,C006,Smartphone 269,Mobile,Smartphone,Smartphone designed for modern consumers with practical features and reliable performance.,2024-03-29,43401,27507.7,4.2,85045,0.105,Mature,Discontinued
P0270,C006,Smart Watch 270,Watches,Smart Watch,Smart Watch designed for modern consumers with practical features and reliable performance.,2025-11-09,7462,3937.11,4.1,68499,0.088,Growth,Discontinued
P0271,C006,Tablet 271,Mobile,Tablet,Tablet designed for modern consumers with practical features and reliable performance.,2022-02-20,31347,21369.33,4.2,66097,0.031,Decline,Active
P0272,C006,Tablet 272,Mobile,Tablet,Tablet designed for modern consumers with practical features and reliable performance.,2023-12-04,6626,3212.42,4.8,19069,0.059,Decline,Active
P0273,C006,Smart Ring 273,Wearables,Smart Ring,Smart Ring designed for modern consumers with practical features and reliable performance.,2022-05-18,23826,14125.21,3.9,91826,0.073,Mature,Active
P0274,C006,Smart Watch 274,Watches,Smart Watch,Smart Watch designed for modern consumers with practical features and reliable performance.,2023-05-15,23483,15132.23,4.4,22042,0.14,Growth,Active
P0275,C006,Tablet 275,Mobile,Tablet,Tablet designed for modern consumers with practical features and reliable performance.,2025-09-08,31281,16252.25,3.9,24676,0.036,Decline,Discontinued
P0276,C006,Fitness Watch 276,Watches,Fitness Watch,Fitness Watch designed for modern consumers with practical features and reliable performance.,2025-12-14,41246,29487.97,4.0,56802,0.064,Growth,Active
P0277,C006,Smartphone 277,Mobile,Smartphone,Smartphone designed for modern consumers with practical features and reliable performance.,2023-02-08,38837,18662.17,4.7,25005,0.061,Decline,Active
P0278,C006,Tablet 278,Mobile,Tablet,Tablet designed for modern consumers with practical features and reliable performance.,2025-04-17,35584,26324.15,3.7,51439,0.096,Introduction,Active
P0279,C006,Tablet 279,Mobile,Tablet,Tablet designed for modern consumers with practical features and reliable performance.,2025-04-23,41459,20802.4,4.3,39486,0.139,Introduction,Active
P0280,C006,Smartphone 280,Mobile,Smartphone,Smartphone designed for modern consumers with practical features and reliable performance.,2024-03-06,16635,9009.75,3.5,91390,0.03,Decline,Active
P0281,C006,Smart Ring 281,Wearables,Smart Ring,Smart Ring designed for modern consumers with practical features and reliable performance.,2022-12-21,28724,14526.48,4.3,91389,0.139,Growth,Discontinued
P0282,C006,Smartphone 282,Mobile,Smartphone,Smartphone designed for modern consumers with practical features and reliable performance.,2022-01-20,13261,7218.94,4.0,7526,0.131,Decline,Active
P0283,C006,Headphones 283,Audio,Headphones,Headphones designed for modern consumers with practical features and reliable performance.,2025-12-25,37803,22743.47,4.0,90244,0.079,Decline,Discontinued
P0284,C006,Wireless Earbuds 284,Audio,Wireless Earbuds,Wireless Earbuds designed for modern consumers with practical features and reliable performance.,2023-04-06,38053,17476.15,4.5,38784,0.015,Mature,Active
P0285,C006,Smart Light 285,Home Appliances,Smart Light,Smart Light designed for modern consumers with practical features and reliable performance.,2022-08-22,49661,33857.1,4.0,67452,0.026,Mature,Active
P0286,C006,Fitness Band 286,Wearables,Fitness Band,Fitness Band designed for modern consumers with practical features and reliable performance.,2025-08-31,48119,28024.99,3.6,56225,0.024,Growth,Active
P0287,C006,Analog Watch 287,Watches,Analog Watch,Analog Watch designed for modern consumers with practical features and reliable performance.,2022-08-29,18223,10105.99,4.6,58049,0.131,Growth,Active
P0288,C006,Smart Ring 288,Wearables,Smart Ring,Smart Ring designed for modern consumers with practical features and reliable performance.,2023-02-28,47579,30121.24,3.9,81260,0.029,Growth,Active
P0289,C006,Smart Ring 289,Wearables,Smart Ring,Smart Ring designed for modern consumers with practical features and reliable performance.,2023-08-23,35883,19173.2,4.1,42921,0.147,Mature,Active
P0290,C006,Fitness Band 290,Wearables,Fitness Band,Fitness Band designed for modern consumers with practical features and reliable performance.,2025-09-05,9885,7303.35,4.5,8270,0.149,Growth,Active
P0291,C006,Wireless Earbuds 291,Audio,Wireless Earbuds,Wireless Earbuds designed for modern consumers with practical features and reliable performance.,2022-10-19,47621,26031.02,3.6,89135,0.065,Mature,Discontinued
P0292,C006,Smart Fan 292,Home Appliances,Smart Fan,Smart Fan designed for modern consumers with practical features and reliable performance.,2023-07-24,5949,3807.89,4.7,12702,0.066,Mature,Discontinued
P0293,C006,Smart Fan 293,Home Appliances,Smart Fan,Smart Fan designed for modern consumers with practical features and reliable performance.,2024-07-27,39139,17641.59,4.5,96539,0.023,Mature,Active
P0294,C006,Smart Ring 294,Wearables,Smart Ring,Smart Ring designed for modern consumers with practical features and reliable performance.,2023-08-04,15275,11310.2,4.6,65343,0.048,Mature,Active
P0295,C006,Smart Ring 295,Wearables,Smart Ring,Smart Ring designed for modern consumers with practical features and reliable performance.,2024-07-30,23527,16898.18,4.5,6521,0.024,Introduction,Active
P0296,C006,Headphones 296,Audio,Headphones,Headphones designed for modern consumers with practical features and reliable performance.,2022-09-28,30918,13919.37,4.8,27018,0.149,Mature,Active
P0297,C006,Smartphone 297,Mobile,Smartphone,Smartphone designed for modern consumers with practical features and reliable performance.,2022-12-05,43899,24501.38,3.3,87598,0.137,Introduction,Discontinued
P0298,C006,Smartphone 298,Mobile,Smartphone,Smartphone designed for modern consumers with practical features and reliable performance.,2022-06-09,29130,18836.79,4.4,642,0.04,Growth,Active
P0299,C006,Smart Ring 299,Wearables,Smart Ring,Smart Ring designed for modern consumers with practical features and reliable performance.,2024-05-14,1608,727.49,3.8,16306,0.148,Growth,Discontinued
P0300,C006,Smart Watch 300,Watches,Smart Watch,Smart Watch designed for modern consumers with practical features and reliable performance.,2023-09-05,26104,12446.37,4.6,14026,0.054,Growth,Discontinued
P0301,C007,Bluetooth Speaker 301,Audio,Bluetooth Speaker,Bluetooth Speaker designed for modern consumers with practical features and reliable performance.,2022-12-03,45376,22363.83,4.1,1610,0.095,Decline,Active
P0302,C007,Bluetooth Speaker 302,Audio,Bluetooth Speaker,Bluetooth Speaker designed for modern consumers with practical features and reliable performance.,2022-06-27,10920,7927.57,4.2,58484,0.13,Introduction,Active
P0303,C007,Fitness Watch 303,Watches,Fitness Watch,Fitness Watch designed for modern consumers with practical features and reliable performance.,2023-05-23,48841,27605.4,4.8,41722,0.121,Mature,Active
P0304,C007,Bluetooth Speaker 304,Audio,Bluetooth Speaker,Bluetooth Speaker designed for modern consumers with practical features and reliable performance.,2025-09-10,40387,25443.91,4.2,91002,0.014,Mature,Active
P0305,C007,Fitness Band 305,Wearables,Fitness Band,Fitness Band designed for modern consumers with practical features and reliable performance.,2022-08-19,26673,14367.75,3.3,31870,0.079,Growth,Discontinued
P0306,C007,Fitness Band 306,Wearables,Fitness Band,Fitness Band designed for modern consumers with practical features and reliable performance.,2022-09-28,35621,25526.63,3.2,47829,0.141,Decline,Discontinued
P0307,C007,Smartphone 307,Mobile,Smartphone,Smartphone designed for modern consumers with practical features and reliable performance.,2022-01-29,31868,23465.55,4.5,2687,0.092,Mature,Active
P0308,C007,Smart Watch 308,Watches,Smart Watch,Smart Watch designed for modern consumers with practical features and reliable performance.,2024-05-17,27081,16302.31,4.3,66173,0.117,Decline,Active
P0309,C007,Fitness Band 309,Wearables,Fitness Band,Fitness Band designed for modern consumers with practical features and reliable performance.,2022-11-15,19184,9113.92,3.3,27133,0.146,Mature,Discontinued
P0310,C007,Fitness Band 310,Wearables,Fitness Band,Fitness Band designed for modern consumers with practical features and reliable performance.,2022-06-26,21327,14067.35,4.4,31778,0.018,Decline,Active
P0311,C007,Smart Light 311,Home Appliances,Smart Light,Smart Light designed for modern consumers with practical features and reliable performance.,2022-09-02,40900,19080.2,4.3,86752,0.114,Introduction,Active
P0312,C007,Smart Watch 312,Watches,Smart Watch,Smart Watch designed for modern consumers with practical features and reliable performance.,2024-02-01,33532,24676.36,4.1,94972,0.046,Growth,Active
P0313,C007,Smart Watch 313,Watches,Smart Watch,Smart Watch designed for modern consumers with practical features and reliable performance.,2025-03-26,22955,15887.9,3.7,8871,0.047,Introduction,Discontinued
P0314,C007,Smart Light 314,Home Appliances,Smart Light,Smart Light designed for modern consumers with practical features and reliable performance.,2023-06-07,24601,11479.61,4.7,22373,0.061,Introduction,Active
P0315,C007,Bluetooth Speaker 315,Audio,Bluetooth Speaker,Bluetooth Speaker designed for modern consumers with practical features and reliable performance.,2024-08-24,34346,15482.17,4.7,2110,0.044,Mature,Discontinued
P0316,C007,Wireless Earbuds 316,Audio,Wireless Earbuds,Wireless Earbuds designed for modern consumers with practical features and reliable performance.,2023-04-05,3317,2042.81,4.8,97580,0.102,Mature,Active
P0317,C007,Smart Light 317,Home Appliances,Smart Light,Smart Light designed for modern consumers with practical features and reliable performance.,2025-10-10,21967,11672.77,3.3,49364,0.027,Introduction,Active
P0318,C007,Bluetooth Speaker 318,Audio,Bluetooth Speaker,Bluetooth Speaker designed for modern consumers with practical features and reliable performance.,2023-09-29,4009,2951.52,3.3,61460,0.131,Mature,Active
P0319,C007,Smart Ring 319,Wearables,Smart Ring,Smart Ring designed for modern consumers with practical features and reliable performance.,2023-05-12,1522,853.35,3.7,40334,0.114,Decline,Active
P0320,C007,Smart Ring 320,Wearables,Smart Ring,Smart Ring designed for modern consumers with practical features and reliable performance.,2024-04-19,13807,9247.09,4.1,32629,0.031,Introduction,Active
P0321,C007,Smart Ring 321,Wearables,Smart Ring,Smart Ring designed for modern consumers with practical features and reliable performance.,2025-09-08,42677,29953.8,4.7,44411,0.01,Decline,Active
P0322,C007,Smart Watch 322,Watches,Smart Watch,Smart Watch designed for modern consumers with practical features and reliable performance.,2022-10-19,35721,26609.81,3.9,8350,0.146,Mature,Active
P0323,C007,Smart Watch 323,Watches,Smart Watch,Smart Watch designed for modern consumers with practical features and reliable performance.,2022-06-23,35062,20122.68,4.7,60591,0.146,Introduction,Active
P0324,C007,Air Purifier 324,Home Appliances,Air Purifier,Air Purifier designed for modern consumers with practical features and reliable performance.,2023-06-19,39790,24683.58,3.9,17632,0.043,Mature,Discontinued
P0325,C007,Tablet 325,Mobile,Tablet,Tablet designed for modern consumers with practical features and reliable performance.,2025-04-12,30671,16304.3,3.3,27069,0.029,Introduction,Active
P0326,C007,Smart Watch 326,Watches,Smart Watch,Smart Watch designed for modern consumers with practical features and reliable performance.,2023-03-02,30462,17966.99,3.9,70744,0.06,Decline,Active
P0327,C007,Smart Fan 327,Home Appliances,Smart Fan,Smart Fan designed for modern consumers with practical features and reliable performance.,2025-11-28,8858,4226.38,4.6,40374,0.126,Introduction,Active
P0328,C007,Smartphone 328,Mobile,Smartphone,Smartphone designed for modern consumers with practical features and reliable performance.,2025-10-18,6977,4628.17,4.8,52436,0.082,Mature,Active
P0329,C007,Wireless Earbuds 329,Audio,Wireless Earbuds,Wireless Earbuds designed for modern consumers with practical features and reliable performance.,2024-08-04,27502,19426.87,4.1,72605,0.045,Introduction,Active
P0330,C007,Smart Watch 330,Watches,Smart Watch,Smart Watch designed for modern consumers with practical features and reliable performance.,2024-03-31,5041,3524.22,4.9,17633,0.038,Mature,Active
P0331,C007,Smart Ring 331,Wearables,Smart Ring,Smart Ring designed for modern consumers with practical features and reliable performance.,2022-09-21,5914,2699.98,3.3,85170,0.072,Introduction,Active
P0332,C007,Smart Watch 332,Watches,Smart Watch,Smart Watch designed for modern consumers with practical features and reliable performance.,2024-03-19,31211,14519.09,4.8,57274,0.125,Decline,Active
P0333,C007,Smart Light 333,Home Appliances,Smart Light,Smart Light designed for modern consumers with practical features and reliable performance.,2024-07-02,28961,14533.85,3.6,25030,0.048,Growth,Active
P0334,C007,Fitness Band 334,Wearables,Fitness Band,Fitness Band designed for modern consumers with practical features and reliable performance.,2022-06-29,43420,23383.04,3.9,72679,0.077,Mature,Discontinued
P0335,C007,Headphones 335,Audio,Headphones,Headphones designed for modern consumers with practical features and reliable performance.,2025-01-18,14071,9044.78,4.6,33156,0.098,Introduction,Discontinued
P0336,C007,Tablet 336,Mobile,Tablet,Tablet designed for modern consumers with practical features and reliable performance.,2024-03-06,36685,25108.33,3.8,74641,0.08,Mature,Active
P0337,C007,Analog Watch 337,Watches,Analog Watch,Analog Watch designed for modern consumers with practical features and reliable performance.,2024-08-24,40132,20696.32,4.7,37322,0.018,Mature,Active
P0338,C007,Wireless Earbuds 338,Audio,Wireless Earbuds,Wireless Earbuds designed for modern consumers with practical features and reliable performance.,2023-03-26,17243,11157.24,3.7,97107,0.018,Decline,Active
P0339,C007,Wireless Earbuds 339,Audio,Wireless Earbuds,Wireless Earbuds designed for modern consumers with practical features and reliable performance.,2025-04-26,16502,10359.23,4.6,91939,0.06,Introduction,Active
P0340,C007,Fitness Band 340,Wearables,Fitness Band,Fitness Band designed for modern consumers with practical features and reliable performance.,2022-12-26,37903,27840.15,4.6,65017,0.086,Decline,Active
P0341,C007,Smart Watch 341,Watches,Smart Watch,Smart Watch designed for modern consumers with practical features and reliable performance.,2025-06-11,16245,10242.45,3.2,63150,0.01,Growth,Active
P0342,C007,Smartphone 342,Mobile,Smartphone,Smartphone designed for modern consumers with practical features and reliable performance.,2022-08-16,22206,10389.45,3.5,92865,0.138,Mature,Active
P0343,C007,Tablet 343,Mobile,Tablet,Tablet designed for modern consumers with practical features and reliable performance.,2026-02-08,39405,18926.6,3.7,18384,0.147,Decline,Discontinued
P0344,C007,Smartphone 344,Mobile,Smartphone,Smartphone designed for modern consumers with practical features and reliable performance.,2023-04-03,47345,35064.79,4.4,80940,0.12,Growth,Discontinued
P0345,C007,Tablet 345,Mobile,Tablet,Tablet designed for modern consumers with practical features and reliable performance.,2024-03-12,9345,4703.46,3.2,92513,0.143,Introduction,Active
P0346,C007,Smart Ring 346,Wearables,Smart Ring,Smart Ring designed for modern consumers with practical features and reliable performance.,2022-06-09,41067,21201.6,4.2,65535,0.03,Growth,Active
P0347,C007,Smartphone 347,Mobile,Smartphone,Smartphone designed for modern consumers with practical features and reliable performance.,2026-02-02,42693,30550.94,3.4,93425,0.104,Mature,Discontinued
P0348,C007,Analog Watch 348,Watches,Analog Watch,Analog Watch designed for modern consumers with practical features and reliable performance.,2026-01-15,14741,7736.99,3.3,34140,0.12,Introduction,Active
P0349,C007,Smart Fan 349,Home Appliances,Smart Fan,Smart Fan designed for modern consumers with practical features and reliable performance.,2024-02-15,49010,28224.66,3.5,54766,0.079,Mature,Discontinued
P0350,C007,Analog Watch 350,Watches,Analog Watch,Analog Watch designed for modern consumers with practical features and reliable performance.,2022-03-10,38883,25090.84,4.4,21819,0.073,Mature,Active
P0351,C008,Tablet 351,Mobile,Tablet,Tablet designed for modern consumers with practical features and reliable performance.,2022-06-03,7863,3713.38,3.5,49712,0.033,Introduction,Active
P0352,C008,Smart Ring 352,Wearables,Smart Ring,Smart Ring designed for modern consumers with practical features and reliable performance.,2024-06-08,47170,21665.08,4.8,22126,0.095,Growth,Active
P0353,C008,Analog Watch 353,Watches,Analog Watch,Analog Watch designed for modern consumers with practical features and reliable performance.,2026-02-03,14470,10741.36,3.9,73128,0.111,Mature,Active
P0354,C008,Smartphone 354,Mobile,Smartphone,Smartphone designed for modern consumers with practical features and reliable performance.,2024-01-09,7285,3386.73,4.2,64849,0.032,Introduction,Discontinued
P0355,C008,Analog Watch 355,Watches,Analog Watch,Analog Watch designed for modern consumers with practical features and reliable performance.,2022-12-16,44386,28297.29,4.0,13212,0.014,Mature,Active
P0356,C008,Air Purifier 356,Home Appliances,Air Purifier,Air Purifier designed for modern consumers with practical features and reliable performance.,2025-08-07,21208,14537.3,4.0,87143,0.047,Decline,Active
P0357,C008,Tablet 357,Mobile,Tablet,Tablet designed for modern consumers with practical features and reliable performance.,2023-04-09,25209,12755.12,3.3,58137,0.075,Mature,Active
P0358,C008,Bluetooth Speaker 358,Audio,Bluetooth Speaker,Bluetooth Speaker designed for modern consumers with practical features and reliable performance.,2025-04-22,44743,21432.38,4.3,71468,0.068,Growth,Active
P0359,C008,Smart Light 359,Home Appliances,Smart Light,Smart Light designed for modern consumers with practical features and reliable performance.,2023-04-28,28435,21033.04,4.4,62736,0.09,Decline,Active
P0360,C008,Analog Watch 360,Watches,Analog Watch,Analog Watch designed for modern consumers with practical features and reliable performance.,2025-10-19,47812,22013.53,4.2,68240,0.122,Growth,Active
P0361,C008,Air Purifier 361,Home Appliances,Air Purifier,Air Purifier designed for modern consumers with practical features and reliable performance.,2022-06-10,11955,8866.42,4.6,17039,0.016,Decline,Active
P0362,C008,Bluetooth Speaker 362,Audio,Bluetooth Speaker,Bluetooth Speaker designed for modern consumers with practical features and reliable performance.,2025-02-13,17900,9772.05,4.4,9283,0.022,Decline,Active
P0363,C008,Tablet 363,Mobile,Tablet,Tablet designed for modern consumers with practical features and reliable performance.,2022-08-19,1810,1241.6,4.3,68993,0.119,Decline,Active
P0364,C008,Bluetooth Speaker 364,Audio,Bluetooth Speaker,Bluetooth Speaker designed for modern consumers with practical features and reliable performance.,2025-02-26,39530,24698.47,4.8,13633,0.139,Introduction,Active
P0365,C008,Smart Ring 365,Wearables,Smart Ring,Smart Ring designed for modern consumers with practical features and reliable performance.,2022-03-18,27928,14780.64,4.3,75476,0.095,Growth,Active
P0366,C008,Air Purifier 366,Home Appliances,Air Purifier,Air Purifier designed for modern consumers with practical features and reliable performance.,2023-11-10,41517,26263.51,4.4,5583,0.065,Growth,Active
P0367,C008,Smart Fan 367,Home Appliances,Smart Fan,Smart Fan designed for modern consumers with practical features and reliable performance.,2024-10-03,25408,11587.82,4.6,40222,0.054,Introduction,Active
P0368,C008,Headphones 368,Audio,Headphones,Headphones designed for modern consumers with practical features and reliable performance.,2025-05-23,49740,28995.1,4.6,35813,0.112,Introduction,Active
P0369,C008,Air Purifier 369,Home Appliances,Air Purifier,Air Purifier designed for modern consumers with practical features and reliable performance.,2024-11-21,27684,18611.49,4.5,49509,0.125,Growth,Active
P0370,C008,Tablet 370,Mobile,Tablet,Tablet designed for modern consumers with practical features and reliable performance.,2023-01-30,9889,6765.61,4.1,75037,0.014,Growth,Active
P0371,C008,Wireless Earbuds 371,Audio,Wireless Earbuds,Wireless Earbuds designed for modern consumers with practical features and reliable performance.,2024-08-08,30913,14379.73,3.8,26597,0.048,Decline,Active
P0372,C008,Smart Watch 372,Watches,Smart Watch,Smart Watch designed for modern consumers with practical features and reliable performance.,2023-12-18,25409,15159.92,4.0,62704,0.092,Mature,Active
P0373,C008,Smartphone 373,Mobile,Smartphone,Smartphone designed for modern consumers with practical features and reliable performance.,2023-03-15,19682,9018.98,3.3,75507,0.119,Growth,Active
P0374,C008,Headphones 374,Audio,Headphones,Headphones designed for modern consumers with practical features and reliable performance.,2022-09-28,43702,25034.79,3.2,89917,0.011,Growth,Active
P0375,C008,Headphones 375,Audio,Headphones,Headphones designed for modern consumers with practical features and reliable performance.,2024-05-17,40868,28261.27,3.7,93478,0.1,Decline,Active
P0376,C008,Smart Fan 376,Home Appliances,Smart Fan,Smart Fan designed for modern consumers with practical features and reliable performance.,2022-07-29,15300,9027.14,4.4,82237,0.066,Introduction,Active
P0377,C008,Smart Ring 377,Wearables,Smart Ring,Smart Ring designed for modern consumers with practical features and reliable performance.,2025-08-04,20560,13473.46,4.0,44577,0.148,Mature,Active
P0378,C008,Tablet 378,Mobile,Tablet,Tablet designed for modern consumers with practical features and reliable performance.,2025-05-13,13344,6605.0,4.5,7941,0.123,Decline,Active
P0379,C008,Bluetooth Speaker 379,Audio,Bluetooth Speaker,Bluetooth Speaker designed for modern consumers with practical features and reliable performance.,2024-04-08,2668,1725.18,4.9,34503,0.137,Decline,Active
P0380,C008,Fitness Band 380,Wearables,Fitness Band,Fitness Band designed for modern consumers with practical features and reliable performance.,2024-09-01,23489,15689.83,3.6,70575,0.099,Mature,Active
P0381,C008,Bluetooth Speaker 381,Audio,Bluetooth Speaker,Bluetooth Speaker designed for modern consumers with practical features and reliable performance.,2026-01-25,37585,18955.65,3.4,17269,0.114,Growth,Active
P0382,C008,Smart Watch 382,Watches,Smart Watch,Smart Watch designed for modern consumers with practical features and reliable performance.,2023-11-10,24283,12554.27,4.7,55612,0.12,Mature,Active
P0383,C008,Smart Ring 383,Wearables,Smart Ring,Smart Ring designed for modern consumers with practical features and reliable performance.,2025-06-25,31393,22143.5,4.0,83651,0.092,Introduction,Discontinued
P0384,C008,Bluetooth Speaker 384,Audio,Bluetooth Speaker,Bluetooth Speaker designed for modern consumers with practical features and reliable performance.,2022-11-05,8852,6287.13,3.8,39606,0.068,Growth,Active
P0385,C008,Tablet 385,Mobile,Tablet,Tablet designed for modern consumers with practical features and reliable performance.,2026-01-05,38316,27505.28,4.9,19272,0.054,Growth,Active
P0386,C008,Smart Fan 386,Home Appliances,Smart Fan,Smart Fan designed for modern consumers with practical features and reliable performance.,2023-07-15,42355,31596.5,3.7,8103,0.011,Growth,Active
P0387,C008,Fitness Band 387,Wearables,Fitness Band,Fitness Band designed for modern consumers with practical features and reliable performance.,2025-07-21,33084,22681.18,4.5,17461,0.096,Decline,Discontinued
P0388,C008,Smart Fan 388,Home Appliances,Smart Fan,Smart Fan designed for modern consumers with practical features and reliable performance.,2022-01-29,26121,11791.04,4.1,96268,0.062,Mature,Active
P0389,C008,Fitness Watch 389,Watches,Fitness Watch,Fitness Watch designed for modern consumers with practical features and reliable performance.,2023-10-02,1270,810.27,3.6,91401,0.133,Growth,Active
P0390,C008,Smart Light 390,Home Appliances,Smart Light,Smart Light designed for modern consumers with practical features and reliable performance.,2023-08-19,39579,21445.27,3.3,6492,0.052,Decline,Active
P0391,C008,Smart Light 391,Home Appliances,Smart Light,Smart Light designed for modern consumers with practical features and reliable performance.,2022-12-04,9768,5399.94,4.7,47587,0.115,Decline,Active
P0392,C008,Wireless Earbuds 392,Audio,Wireless Earbuds,Wireless Earbuds designed for modern consumers with practical features and reliable performance.,2022-12-13,48655,36270.54,3.6,3372,0.093,Introduction,Active
P0393,C008,Analog Watch 393,Watches,Analog Watch,Analog Watch designed for modern consumers with practical features and reliable performance.,2022-04-09,42964,22630.72,4.1,6868,0.093,Introduction,Active
P0394,C008,Fitness Watch 394,Watches,Fitness Watch,Fitness Watch designed for modern consumers with practical features and reliable performance.,2025-12-08,8588,4938.38,3.8,72233,0.045,Growth,Active
P0395,C008,Analog Watch 395,Watches,Analog Watch,Analog Watch designed for modern consumers with practical features and reliable performance.,2025-12-06,28582,18535.41,4.3,35886,0.097,Growth,Discontinued
P0396,C008,Fitness Watch 396,Watches,Fitness Watch,Fitness Watch designed for modern consumers with practical features and reliable performance.,2025-06-01,48105,30561.56,3.7,14428,0.08,Growth,Active
P0397,C008,Fitness Band 397,Wearables,Fitness Band,Fitness Band designed for modern consumers with practical features and reliable performance.,2023-03-02,24456,16166.17,3.7,5664,0.087,Decline,Active
P0398,C008,Wireless Earbuds 398,Audio,Wireless Earbuds,Wireless Earbuds designed for modern consumers with practical features and reliable performance.,2022-11-02,1835,1195.48,4.7,75755,0.104,Introduction,Active
P0399,C008,Analog Watch 399,Watches,Analog Watch,Analog Watch designed for modern consumers with practical features and reliable performance.,2022-04-13,43227,22449.86,4.9,39300,0.047,Introduction,Active
P0400,C008,Analog Watch 400,Watches,Analog Watch,Analog Watch designed for modern consumers with practical features and reliable performance.,2022-04-04,24607,16990.61,3.7,97301,0.026,Introduction,Active
P0401,C009,Headphones 401,Audio,Headphones,Headphones designed for modern consumers with practical features and reliable performance.,2022-07-10,24430,17549.49,4.8,35667,0.133,Mature,Active
P0402,C009,Wireless Earbuds 402,Audio,Wireless Earbuds,Wireless Earbuds designed for modern consumers with practical features and reliable performance.,2024-09-06,27265,15543.1,4.0,51056,0.107,Decline,Active
P0403,C009,Smart Watch 403,Watches,Smart Watch,Smart Watch designed for modern consumers with practical features and reliable performance.,2025-04-24,46624,31141.26,4.9,21392,0.025,Decline,Discontinued
P0404,C009,Bluetooth Speaker 404,Audio,Bluetooth Speaker,Bluetooth Speaker designed for modern consumers with practical features and reliable performance.,2026-01-29,25887,17700.22,4.2,90214,0.133,Growth,Discontinued
P0405,C009,Air Purifier 405,Home Appliances,Air Purifier,Air Purifier designed for modern consumers with practical features and reliable performance.,2025-12-13,27953,16274.41,3.3,86348,0.054,Growth,Active
P0406,C009,Fitness Band 406,Wearables,Fitness Band,Fitness Band designed for modern consumers with practical features and reliable performance.,2025-08-06,29367,19044.91,3.6,45818,0.103,Decline,Active
P0407,C009,Fitness Band 407,Wearables,Fitness Band,Fitness Band designed for modern consumers with practical features and reliable performance.,2022-12-05,1763,1133.64,3.5,62010,0.129,Introduction,Discontinued
P0408,C009,Smartphone 408,Mobile,Smartphone,Smartphone designed for modern consumers with practical features and reliable performance.,2024-02-15,22685,16810.57,3.3,29690,0.087,Decline,Active
P0409,C009,Analog Watch 409,Watches,Analog Watch,Analog Watch designed for modern consumers with practical features and reliable performance.,2022-09-01,30110,20787.29,4.0,65833,0.073,Decline,Active
P0410,C009,Analog Watch 410,Watches,Analog Watch,Analog Watch designed for modern consumers with practical features and reliable performance.,2025-06-21,28023,12911.59,4.1,12413,0.121,Mature,Active
P0411,C009,Smart Fan 411,Home Appliances,Smart Fan,Smart Fan designed for modern consumers with practical features and reliable performance.,2025-06-23,24812,17308.68,4.6,60066,0.056,Decline,Active
P0412,C009,Air Purifier 412,Home Appliances,Air Purifier,Air Purifier designed for modern consumers with practical features and reliable performance.,2025-07-21,7385,5005.52,3.6,45242,0.06,Mature,Active
P0413,C009,Smart Watch 413,Watches,Smart Watch,Smart Watch designed for modern consumers with practical features and reliable performance.,2022-08-08,11758,7028.07,4.6,97822,0.111,Mature,Active
P0414,C009,Wireless Earbuds 414,Audio,Wireless Earbuds,Wireless Earbuds designed for modern consumers with practical features and reliable performance.,2022-08-09,26748,13766.58,4.6,25479,0.11,Decline,Active
P0415,C009,Fitness Band 415,Wearables,Fitness Band,Fitness Band designed for modern consumers with practical features and reliable performance.,2024-10-18,30524,17924.19,4.2,66586,0.029,Introduction,Active
P0416,C009,Smart Ring 416,Wearables,Smart Ring,Smart Ring designed for modern consumers with practical features and reliable performance.,2022-12-22,39346,23406.13,4.1,23726,0.107,Growth,Active
P0417,C009,Smart Light 417,Home Appliances,Smart Light,Smart Light designed for modern consumers with practical features and reliable performance.,2025-06-01,40357,25499.5,3.7,50918,0.069,Growth,Active
P0418,C009,Smart Fan 418,Home Appliances,Smart Fan,Smart Fan designed for modern consumers with practical features and reliable performance.,2024-11-15,20278,11879.94,3.4,54599,0.094,Mature,Active
P0419,C009,Fitness Band 419,Wearables,Fitness Band,Fitness Band designed for modern consumers with practical features and reliable performance.,2025-10-09,14165,7265.42,4.4,90495,0.058,Growth,Active
P0420,C009,Smart Ring 420,Wearables,Smart Ring,Smart Ring designed for modern consumers with practical features and reliable performance.,2025-09-28,47553,23045.21,3.8,63463,0.092,Decline,Active
P0421,C009,Air Purifier 421,Home Appliances,Air Purifier,Air Purifier designed for modern consumers with practical features and reliable performance.,2023-02-14,35257,16991.8,3.8,7455,0.104,Mature,Active
P0422,C009,Tablet 422,Mobile,Tablet,Tablet designed for modern consumers with practical features and reliable performance.,2025-01-13,10596,7436.43,4.4,39184,0.039,Introduction,Active
P0423,C009,Air Purifier 423,Home Appliances,Air Purifier,Air Purifier designed for modern consumers with practical features and reliable performance.,2025-02-23,41377,29394.66,4.5,29900,0.114,Decline,Active
P0424,C009,Smart Ring 424,Wearables,Smart Ring,Smart Ring designed for modern consumers with practical features and reliable performance.,2025-11-04,46412,30137.54,4.8,51297,0.068,Mature,Active
P0425,C009,Fitness Watch 425,Watches,Fitness Watch,Fitness Watch designed for modern consumers with practical features and reliable performance.,2025-07-21,17471,8926.39,4.7,58573,0.126,Mature,Active
P0426,C009,Headphones 426,Audio,Headphones,Headphones designed for modern consumers with practical features and reliable performance.,2024-11-18,30413,15304.67,4.4,25007,0.145,Introduction,Discontinued
P0427,C009,Analog Watch 427,Watches,Analog Watch,Analog Watch designed for modern consumers with practical features and reliable performance.,2022-01-12,19291,11902.15,3.4,77044,0.128,Mature,Discontinued
P0428,C009,Wireless Earbuds 428,Audio,Wireless Earbuds,Wireless Earbuds designed for modern consumers with practical features and reliable performance.,2025-09-17,11073,8067.66,4.2,82468,0.096,Mature,Discontinued
P0429,C009,Smart Ring 429,Wearables,Smart Ring,Smart Ring designed for modern consumers with practical features and reliable performance.,2024-12-02,5776,3957.77,3.7,29330,0.144,Introduction,Active
P0430,C009,Smart Light 430,Home Appliances,Smart Light,Smart Light designed for modern consumers with practical features and reliable performance.,2023-11-10,36195,20668.25,3.8,28464,0.103,Mature,Active
P0431,C009,Bluetooth Speaker 431,Audio,Bluetooth Speaker,Bluetooth Speaker designed for modern consumers with practical features and reliable performance.,2022-01-19,35766,21189.82,4.2,99083,0.147,Introduction,Active
P0432,C009,Air Purifier 432,Home Appliances,Air Purifier,Air Purifier designed for modern consumers with practical features and reliable performance.,2023-10-20,43091,27324.45,4.3,5726,0.106,Decline,Active
P0433,C009,Smart Fan 433,Home Appliances,Smart Fan,Smart Fan designed for modern consumers with practical features and reliable performance.,2024-02-07,36404,24288.48,3.2,68246,0.125,Decline,Discontinued
P0434,C009,Analog Watch 434,Watches,Analog Watch,Analog Watch designed for modern consumers with practical features and reliable performance.,2025-01-06,43698,22187.82,4.1,13077,0.033,Introduction,Active
P0435,C009,Bluetooth Speaker 435,Audio,Bluetooth Speaker,Bluetooth Speaker designed for modern consumers with practical features and reliable performance.,2023-02-26,42255,28821.07,4.7,56101,0.127,Decline,Active
P0436,C009,Wireless Earbuds 436,Audio,Wireless Earbuds,Wireless Earbuds designed for modern consumers with practical features and reliable performance.,2023-05-31,31095,20680.06,3.3,10100,0.018,Introduction,Active
P0437,C009,Tablet 437,Mobile,Tablet,Tablet designed for modern consumers with practical features and reliable performance.,2025-10-10,26430,15470.48,3.9,41971,0.012,Introduction,Active
P0438,C009,Fitness Band 438,Wearables,Fitness Band,Fitness Band designed for modern consumers with practical features and reliable performance.,2024-10-26,49886,31212.79,4.4,10014,0.06,Introduction,Active
P0439,C009,Smartphone 439,Mobile,Smartphone,Smartphone designed for modern consumers with practical features and reliable performance.,2022-03-05,19449,13217.2,3.9,52288,0.125,Decline,Active
P0440,C009,Fitness Band 440,Wearables,Fitness Band,Fitness Band designed for modern consumers with practical features and reliable performance.,2025-07-22,9937,6697.8,4.6,72029,0.051,Growth,Active
P0441,C009,Smartphone 441,Mobile,Smartphone,Smartphone designed for modern consumers with practical features and reliable performance.,2025-05-06,37275,26555.83,3.4,5975,0.011,Decline,Active
P0442,C009,Smartphone 442,Mobile,Smartphone,Smartphone designed for modern consumers with practical features and reliable performance.,2024-11-15,49590,35757.56,3.8,54587,0.137,Growth,Active
P0443,C009,Wireless Earbuds 443,Audio,Wireless Earbuds,Wireless Earbuds designed for modern consumers with practical features and reliable performance.,2025-03-07,41428,29017.19,3.5,24270,0.104,Introduction,Discontinued
P0444,C009,Fitness Band 444,Wearables,Fitness Band,Fitness Band designed for modern consumers with practical features and reliable performance.,2024-09-24,20048,13061.38,3.6,26375,0.112,Mature,Active
P0445,C009,Bluetooth Speaker 445,Audio,Bluetooth Speaker,Bluetooth Speaker designed for modern consumers with practical features and reliable performance.,2023-10-13,43957,22873.46,3.7,9649,0.136,Decline,Discontinued
P0446,C009,Tablet 446,Mobile,Tablet,Tablet designed for modern consumers with practical features and reliable performance.,2024-05-27,46446,29040.41,4.2,48274,0.123,Growth,Active
P0447,C009,Smartphone 447,Mobile,Smartphone,Smartphone designed for modern consumers with practical features and reliable performance.,2022-10-03,15517,10298.01,4.3,36764,0.128,Mature,Discontinued
P0448,C009,Smart Fan 448,Home Appliances,Smart Fan,Smart Fan designed for modern consumers with practical features and reliable performance.,2025-05-27,24510,16726.36,4.0,14764,0.035,Introduction,Active
P0449,C009,Bluetooth Speaker 449,Audio,Bluetooth Speaker,Bluetooth Speaker designed for modern consumers with practical features and reliable performance.,2022-02-08,13873,7338.41,4.7,10522,0.112,Introduction,Discontinued
P0450,C009,Fitness Band 450,Wearables,Fitness Band,Fitness Band designed for modern consumers with practical features and reliable performance.,2022-11-01,3402,2093.86,4.1,71236,0.076,Mature,Discontinued
P0451,C010,Bluetooth Speaker 451,Audio,Bluetooth Speaker,Bluetooth Speaker designed for modern consumers with practical features and reliable performance.,2024-03-23,49052,34687.08,3.4,66183,0.081,Mature,Active
P0452,C010,Bluetooth Speaker 452,Audio,Bluetooth Speaker,Bluetooth Speaker designed for modern consumers with practical features and reliable performance.,2025-03-05,45837,22907.18,4.1,58987,0.032,Growth,Discontinued
P0453,C010,Smartphone 453,Mobile,Smartphone,Smartphone designed for modern consumers with practical features and reliable performance.,2022-03-29,15340,10407.3,3.6,35149,0.062,Growth,Active
P0454,C010,Smart Fan 454,Home Appliances,Smart Fan,Smart Fan designed for modern consumers with practical features and reliable performance.,2025-12-12,30795,22001.97,3.3,85503,0.055,Mature,Active
P0455,C010,Fitness Band 455,Wearables,Fitness Band,Fitness Band designed for modern consumers with practical features and reliable performance.,2022-06-09,25684,16594.5,3.8,86134,0.136,Mature,Discontinued
P0456,C010,Bluetooth Speaker 456,Audio,Bluetooth Speaker,Bluetooth Speaker designed for modern consumers with practical features and reliable performance.,2025-05-22,27597,15340.33,4.7,64313,0.121,Introduction,Active
P0457,C010,Air Purifier 457,Home Appliances,Air Purifier,Air Purifier designed for modern consumers with practical features and reliable performance.,2022-11-19,16072,7604.09,4.3,28223,0.031,Mature,Active
P0458,C010,Headphones 458,Audio,Headphones,Headphones designed for modern consumers with practical features and reliable performance.,2025-04-24,22641,15080.64,4.0,63259,0.077,Growth,Discontinued
P0459,C010,Smart Watch 459,Watches,Smart Watch,Smart Watch designed for modern consumers with practical features and reliable performance.,2022-03-22,3827,1868.97,4.2,18158,0.098,Growth,Active
P0460,C010,Headphones 460,Audio,Headphones,Headphones designed for modern consumers with practical features and reliable performance.,2026-01-13,12798,7742.69,3.9,74372,0.099,Mature,Active
P0461,C010,Headphones 461,Audio,Headphones,Headphones designed for modern consumers with practical features and reliable performance.,2024-04-21,40749,30473.44,4.7,22856,0.041,Growth,Active
P0462,C010,Smart Ring 462,Wearables,Smart Ring,Smart Ring designed for modern consumers with practical features and reliable performance.,2022-05-21,11991,8001.07,3.8,59937,0.094,Growth,Discontinued
P0463,C010,Air Purifier 463,Home Appliances,Air Purifier,Air Purifier designed for modern consumers with practical features and reliable performance.,2022-11-03,8115,3692.07,4.1,66607,0.106,Introduction,Active
P0464,C010,Smart Light 464,Home Appliances,Smart Light,Smart Light designed for modern consumers with practical features and reliable performance.,2022-07-10,40309,18611.11,4.5,66472,0.115,Decline,Active
P0465,C010,Fitness Band 465,Wearables,Fitness Band,Fitness Band designed for modern consumers with practical features and reliable performance.,2025-11-29,45470,29317.67,4.1,49046,0.132,Decline,Active
P0466,C010,Smart Fan 466,Home Appliances,Smart Fan,Smart Fan designed for modern consumers with practical features and reliable performance.,2024-05-21,23971,15022.97,4.5,91818,0.091,Growth,Active
P0467,C010,Air Purifier 467,Home Appliances,Air Purifier,Air Purifier designed for modern consumers with practical features and reliable performance.,2022-01-12,6493,3473.63,4.7,54062,0.046,Introduction,Active
P0468,C010,Fitness Band 468,Wearables,Fitness Band,Fitness Band designed for modern consumers with practical features and reliable performance.,2022-08-07,25577,16532.05,4.4,41905,0.067,Growth,Discontinued
P0469,C010,Smart Ring 469,Wearables,Smart Ring,Smart Ring designed for modern consumers with practical features and reliable performance.,2025-10-25,18124,12804.48,3.9,48425,0.096,Decline,Active
P0470,C010,Smart Light 470,Home Appliances,Smart Light,Smart Light designed for modern consumers with practical features and reliable performance.,2023-09-21,37540,22326.55,3.8,73233,0.078,Mature,Discontinued
P0471,C010,Bluetooth Speaker 471,Audio,Bluetooth Speaker,Bluetooth Speaker designed for modern consumers with practical features and reliable performance.,2022-07-25,8804,5936.93,4.0,92160,0.143,Growth,Discontinued
P0472,C010,Smartphone 472,Mobile,Smartphone,Smartphone designed for modern consumers with practical features and reliable performance.,2024-08-23,11534,6536.68,4.3,12439,0.125,Decline,Active
P0473,C010,Analog Watch 473,Watches,Analog Watch,Analog Watch designed for modern consumers with practical features and reliable performance.,2024-03-31,15533,8717.9,4.2,95460,0.064,Mature,Active
P0474,C010,Bluetooth Speaker 474,Audio,Bluetooth Speaker,Bluetooth Speaker designed for modern consumers with practical features and reliable performance.,2024-11-27,33398,19427.34,3.5,86599,0.14,Mature,Active
P0475,C010,Fitness Watch 475,Watches,Fitness Watch,Fitness Watch designed for modern consumers with practical features and reliable performance.,2024-01-07,34459,20838.88,3.6,22714,0.104,Growth,Active
P0476,C010,Wireless Earbuds 476,Audio,Wireless Earbuds,Wireless Earbuds designed for modern consumers with practical features and reliable performance.,2023-02-15,19083,13050.9,3.8,52292,0.067,Introduction,Active
P0477,C010,Fitness Watch 477,Watches,Fitness Watch,Fitness Watch designed for modern consumers with practical features and reliable performance.,2023-07-21,19644,13119.08,4.2,76906,0.059,Growth,Active
P0478,C010,Smart Fan 478,Home Appliances,Smart Fan,Smart Fan designed for modern consumers with practical features and reliable performance.,2022-05-29,38677,17458.62,3.5,66853,0.025,Mature,Active
P0479,C010,Fitness Watch 479,Watches,Fitness Watch,Fitness Watch designed for modern consumers with practical features and reliable performance.,2024-06-25,17888,12751.17,4.6,75852,0.045,Decline,Discontinued
P0480,C010,Headphones 480,Audio,Headphones,Headphones designed for modern consumers with practical features and reliable performance.,2023-06-13,31071,20335.3,4.7,4084,0.077,Introduction,Discontinued
P0481,C010,Bluetooth Speaker 481,Audio,Bluetooth Speaker,Bluetooth Speaker designed for modern consumers with practical features and reliable performance.,2022-01-20,46952,24367.1,3.7,46781,0.082,Mature,Active
P0482,C010,Smartphone 482,Mobile,Smartphone,Smartphone designed for modern consumers with practical features and reliable performance.,2023-01-01,27144,17700.86,4.6,10465,0.088,Decline,Active
P0483,C010,Smartphone 483,Mobile,Smartphone,Smartphone designed for modern consumers with practical features and reliable performance.,2023-01-25,38598,20484.84,4.8,90036,0.14,Decline,Active
P0484,C010,Bluetooth Speaker 484,Audio,Bluetooth Speaker,Bluetooth Speaker designed for modern consumers with practical features and reliable performance.,2025-06-20,16863,12003.47,3.6,27077,0.127,Mature,Active
P0485,C010,Smart Watch 485,Watches,Smart Watch,Smart Watch designed for modern consumers with practical features and reliable performance.,2025-01-13,6143,4009.8,4.3,80955,0.011,Introduction,Discontinued
P0486,C010,Tablet 486,Mobile,Tablet,Tablet designed for modern consumers with practical features and reliable performance.,2024-10-02,33266,23932.77,4.7,75803,0.132,Growth,Active
P0487,C010,Air Purifier 487,Home Appliances,Air Purifier,Air Purifier designed for modern consumers with practical features and reliable performance.,2025-01-12,38792,18948.88,4.1,55966,0.077,Introduction,Active
P0488,C010,Smart Light 488,Home Appliances,Smart Light,Smart Light designed for modern consumers with practical features and reliable performance.,2025-11-12,12455,7313.06,3.4,68422,0.074,Introduction,Active
P0489,C010,Headphones 489,Audio,Headphones,Headphones designed for modern consumers with practical features and reliable performance.,2023-06-23,39076,18765.25,3.8,34539,0.036,Growth,Active
P0490,C010,Smart Light 490,Home Appliances,Smart Light,Smart Light designed for modern consumers with practical features and reliable performance.,2024-02-02,23485,13146.37,4.0,28094,0.069,Mature,Discontinued
P0491,C010,Tablet 491,Mobile,Tablet,Tablet designed for modern consumers with practical features and reliable performance.,2022-07-24,12789,7947.38,4.9,90416,0.042,Mature,Active
P0492,C010,Smart Ring 492,Wearables,Smart Ring,Smart Ring designed for modern consumers with practical features and reliable performance.,2022-01-20,25961,13209.45,4.6,97302,0.031,Growth,Discontinued
P0493,C010,Air Purifier 493,Home Appliances,Air Purifier,Air Purifier designed for modern consumers with practical features and reliable performance.,2025-02-25,42330,25613.97,4.4,64282,0.052,Introduction,Discontinued
P0494,C010,Fitness Watch 494,Watches,Fitness Watch,Fitness Watch designed for modern consumers with practical features and reliable performance.,2022-07-17,11704,5477.6,4.6,62960,0.127,Decline,Active
P0495,C010,Tablet 495,Mobile,Tablet,Tablet designed for modern consumers with practical features and reliable performance.,2024-04-23,24613,15213.42,4.8,34279,0.058,Introduction,Active
P0496,C010,Fitness Band 496,Wearables,Fitness Band,Fitness Band designed for modern consumers with practical features and reliable performance.,2023-08-06,38804,24165.9,4.3,23377,0.147,Mature,Active
P0497,C010,Smart Ring 497,Wearables,Smart Ring,Smart Ring designed for modern consumers with practical features and reliable performance.,2025-07-17,49268,28776.41,3.3,80934,0.05,Growth,Active
P0498,C010,Tablet 498,Mobile,Tablet,Tablet designed for modern consumers with practical features and reliable performance.,2023-12-05,42371,26850.21,3.9,9851,0.021,Growth,Active
P0499,C010,Tablet 499,Mobile,Tablet,Tablet designed for modern consumers with practical features and reliable performance.,2024-01-14,47558,25217.24,4.3,36053,0.134,Decline,Discontinued
P0500,C010,Wireless Earbuds 500,Audio,Wireless Earbuds,Wireless Earbuds designed for modern consumers with practical features and reliable performance.,2025-12-06,2513,1225.12,3.6,33483,0.142,Introduction,Active
