product_id,complaint_category,complaint_count
P0239,battery,40
P0118,battery,40
P0341,battery,39
P0473,battery,38
P0276,battery,38
P0411,battery,38
P0097,battery,37
P0477,battery,37
P0111,quality,37
P0219,battery,36
P0275,battery,36
P0198,battery,36
P0051,battery,36
P0308,battery,36
P0273,battery,35
P0348,battery,35
P0048,battery,35
P0363,battery,35
P0090,battery,35
P0084,battery,35
P0484,battery,35
P0496,battery,34
P0155,quality,34
P0148,battery,34
P0225,quality,34
P0020,battery,34
P0263,battery,34
P0211,battery,34
P0468,battery,34
P0481,battery,34
P0089,battery,34
P0326,battery,34
P0210,battery,33
P0492,battery,33
P0176,battery,33
P0372,battery,33
P0277,battery,33
P0293,battery,33
P0019,battery,33
P0419,battery,33
P0194,battery,33
P0305,battery,33
P0187,battery,32
P0343,battery,32
P0217,battery,32
P0137,battery,32
P0124,battery,32
P0074,battery,32
P0150,battery,32
P0200,quality,32
P0185,battery,32
P0338,battery,31
P0235,battery,31
P0164,battery,31
P0426,battery,31
P0250,battery,31
P0112,battery,31
P0109,battery,31
P0032,battery,31
P0214,battery,31
P0201,battery,31
P0145,battery,31
P0392,battery,31
P0294,battery,31
P0296,battery,31
P0188,battery,31
P0269,battery,31
P0296,quality,31
P0093,battery,31
P0095,battery,31
P0017,battery,31
P0387,battery,31
P0390,battery,31
P0315,battery,31
P0318,battery,31
P0092,battery,31
P0199,battery,31
P0107,quality,31
P0056,quality,30
P0099,quality,30
P0005,battery,30
P0337,battery,30
P0179,battery,30
P0394,battery,30
P0110,battery,30
P0111,battery,30
P0266,battery,30
P0412,battery,30
P0003,quality,30
P0499,battery,30
P0244,battery,30
P0029,battery,30
P0138,battery,30
P0272,battery,30
P0108,battery,30
P0139,battery,30
P0191,battery,30
P0091,quality,30
P0323,battery,30
P0063,battery,30
P0117,battery,30
P0121,battery,30
P0350,quality,29
P0002,battery,29
P0083,battery,29
P0080,battery,29
P0479,quality,29
P0330,battery,29
P0105,quality,29
P0470,battery,29
P0466,battery,29
P0395,battery,29
P0385,battery,29
P0297,quality,29
P0295,battery,29
P0192,battery,29
P0302,battery,29
P0319,battery,29
P0365,battery,29
P0065,battery,29
P0067,quality,29
P0313,battery,29
P0373,battery,29
P0304,battery,29
P0042,battery,29
P0044,quality,29
P0455,battery,29
P0283,battery,29
P0046,battery,29
P0398,battery,29
P0045,battery,29
P0110,performance,29
P0038,battery,29
P0037,quality,29
P0451,battery,29
P0259,battery,29
P0040,battery,29
P0039,battery,29
P0125,battery,29
P0136,battery,29
P0075,battery,28
P0076,battery,28
P0375,battery,28
P0001,battery,28
P0333,quality,28
P0056,battery,28
P0147,quality,28
P0123,battery,28
P0173,battery,28
P0439,battery,28
P0445,battery,28
P0078,quality,28
P0266,quality,28
P0306,quality,28
P0119,battery,28
P0184,quality,28
P0317,battery,28
P0397,battery,28
P0500,battery,28
P0289,battery,28
P0079,battery,28
P0174,battery,28
P0312,battery,28
P0459,battery,28
P0106,battery,28
P0391,battery,28
P0406,quality,28
P0408,battery,28
P0297,battery,28
P0300,battery,28
P0299,battery,28
P0298,battery,28
P0088,battery,28
P0087,battery,28
P0054,quality,28
P0383,battery,28
P0114,battery,28
P0453,quality,28
P0218,battery,28
P0139,quality,28
P0085,performance,28
P0330,performance,28
P0332,battery,28
P0258,battery,28
P0406,battery,27
P0039,quality,27
P0320,battery,27
P0066,battery,27
P0147,battery,27
P0059,quality,27
P0151,battery,27
P0374,quality,27
P0072,battery,27
P0126,battery,27
P0058,battery,27
P0185,quality,27
P0036,battery,27
P0172,battery,27
P0132,battery,27
P0234,battery,27
P0241,battery,27
P0424,battery,27
P0033,battery,27
P0242,quality,27
P0094,performance,27
P0252,battery,27
P0120,battery,27
P0353,battery,27
P0409,battery,27
P0043,battery,27
P0202,battery,27
P0149,battery,27
P0201,quality,27
P0208,battery,27
P0047,battery,27
P0022,battery,27
P0315,quality,27
P0479,battery,27
P0459,quality,27
P0213,quality,27
P0222,quality,27
P0329,battery,27
P0221,battery,27
P0257,battery,27
P0328,battery,27
P0260,battery,27
P0165,battery,27
P0049,battery,27
P0168,battery,27
P0497,battery,27
P0498,quality,27
P0167,battery,27
P0485,quality,26
P0347,battery,26
P0485,battery,26
P0156,battery,26
P0490,battery,26
P0106,quality,26
P0288,battery,26
P0393,quality,26
P0488,battery,26
P0333,battery,26
P0125,quality,26
P0437,quality,26
P0028,battery,26
P0228,battery,26
P0237,battery,26
P0240,battery,26
P0133,quality,26
P0127,quality,26
P0433,battery,26
P0248,battery,26
P0226,quality,26
P0190,quality,26
P0184,battery,26
P0057,quality,26
P0073,battery,26
P0160,battery,26
P0162,battery,26
P0393,battery,26
P0463,battery,26
P0457,quality,26
P0480,battery,26
P0012,battery,26
P0101,battery,26
P0292,battery,26
P0061,battery,26
P0453,battery,26
P0085,battery,26
P0041,battery,26
P0291,quality,26
P0284,battery,26
P0430,battery,26
P0206,battery,26
P0141,quality,26
P0358,battery,26
P0055,battery,26
P0382,battery,26
P0270,battery,26
P0461,battery,26
P0183,battery,26
P0018,battery,26
P0376,battery,25
P0350,battery,25
P0071,quality,25
P0428,quality,25
P0429,battery,25
P0120,quality,25
P0055,quality,25
P0094,battery,25
P0351,battery,25
P0255,battery,25
P0253,battery,25
P0035,quality,25
P0127,battery,25
P0435,battery,25
P0029,quality,25
P0169,quality,25
P0077,performance,25
P0030,battery,25
P0495,battery,25
P0225,battery,25
P0075,quality,25
P0305,quality,25
P0080,quality,25
P0427,battery,25
P0221,quality,25
P0026,battery,25
P0261,battery,25
P0267,battery,25
P0216,battery,25
P0452,battery,25
P0405,quality,25
P0461,performance,25
P0322,battery,25
P0142,battery,25
P0325,battery,25
P0102,battery,25
P0366,battery,25
P0070,battery,25
P0328,performance,25
P0415,battery,25
P0420,quality,25
P0265,battery,25
P0182,battery,25
P0314,battery,25
P0200,battery,25
P0458,battery,25
P0203,battery,25
P0471,battery,25
P0010,battery,25
P0291,performance,25
P0460,battery,25
P0008,battery,25
P0286,battery,25
P0281,battery,25
P0003,battery,25
P0009,battery,25
P0162,quality,25
P0343,quality,25
P0005,quality,25
P0166,battery,25
P0499,quality,25
P0495,quality,25
P0164,quality,24
P0009,quality,24
P0008,quality,24
P0074,quality,24
P0491,quality,24
P0006,quality,24
P0158,battery,24
P0287,quality,24
P0050,battery,24
P0465,quality,24
P0016,battery,24
P0100,battery,24
P0053,battery,24
P0389,quality,24
P0104,battery,24
P0181,battery,24
P0153,battery,24
P0009,software,24
P0311,quality,24
P0462,battery,24
P0144,quality,24
P0144,battery,24
P0397,quality,24
P0402,battery,24
P0271,battery,24
P0407,battery,24
P0321,battery,24
P0365,quality,24
P0310,quality,24
P0368,battery,24
P0367,battery,24
P0098,quality,24
P0197,quality,24
P0196,battery,24
P0324,battery,24
P0413,battery,24
P0268,battery,24
P0417,battery,24
P0082,battery,24
P0084,quality,24
P0135,battery,24
P0222,battery,24
P0025,battery,24
P0450,battery,24
P0448,battery,24
P0023,battery,24
P0115,performance,24
P0183,quality,24
P0303,battery,24
P0055,performance,24
P0422,battery,24
P0349,battery,24
P0081,battery,24
P0433,performance,24
P0135,quality,24
P0440,battery,24
P0437,battery,24
P0237,quality,24
P0130,battery,24
P0129,quality,24
P0442,battery,24
P0227,battery,24
P0226,battery,24
P0374,battery,24
P0096,battery,24
P0013,quality,24
P0474,performance,24
P0073,quality,24
P0490,quality,23
P0347,quality,23
P0002,quality,23
P0340,battery,23
P0340,quality,23
P0341,quality,23
P0342,battery,23
P0344,battery,23
P0072,quality,23
P0157,battery,23
P0474,battery,23
P0307,quality,23
P0310,battery,23
P0377,battery,23
P0057,battery,23
P0379,quality,23
P0301,battery,23
P0186,battery,23
P0097,quality,23
P0383,quality,23
P0368,quality,23
P0370,quality,23
P0313,performance,23
P0177,battery,23
P0476,battery,23
P0292,delivery,23
P0293,quality,23
P0191,quality,23
P0146,performance,23
P0285,quality,23
P0391,quality,23
P0050,quality,23
P0396,battery,23
P0103,quality,23
P0107,battery,23
P0107,performance,23
P0108,performance,23
P0274,battery,23
P0279,battery,23
P0356,quality,23
P0456,battery,23
P0041,quality,23
P0415,quality,23
P0044,battery,23
P0271,performance,23
P0272,quality,23
P0141,battery,23
P0414,performance,23
P0414,quality,23
P0215,battery,23
P0217,quality,23
P0359,battery,23
P0084,performance,23
P0086,battery,23
P0081,quality,23
P0262,battery,23
P0116,battery,23
P0419,quality,23
P0264,battery,23
P0113,quality,23
P0114,quality,23
P0115,battery,23
P0023,quality,23
P0024,battery,23
P0451,quality,23
P0025,quality,23
P0354,battery,23
P0068,battery,23
P0069,battery,23
P0330,quality,23
P0334,performance,23
P0034,battery,23
P0035,battery,23
P0254,battery,23
P0256,battery,23
P0421,battery,23
P0421,quality,23
P0037,battery,23
P0434,quality,23
P0246,battery,23
P0131,battery,23
P0436,quality,23
P0031,battery,23
P0133,battery,23
P0028,performance,23
P0171,battery,23
P0175,battery,23
P0483,battery,23
P0483,quality,23
P0165,quality,23
P0500,quality,23
P0409,quality,22
P0335,battery,22
P0280,quality,22
P0279,performance,22
P0278,battery,22
P0420,battery,22
P0405,battery,22
P0416,battery,22
P0418,battery,22
P0336,battery,22
P0478,battery,22
P0475,battery,22
P0474,quality,22
P0356,performance,22
P0345,battery,22
P0345,quality,22
P0070,quality,22
P0085,quality,22
P0469,quality,22
P0013,battery,22
P0257,quality,22
P0069,performance,22
P0014,quality,22
P0027,quality,22
P0441,battery,22
P0370,battery,22
P0309,quality,22
P0309,battery,22
P0121,quality,22
P0213,battery,22
P0140,battery,22
P0371,performance,22
P0316,battery,22
P0033,quality,22
P0286,quality,22
P0122,battery,22
P0197,battery,22
P0021,battery,22
P0142,quality,22
P0145,quality,22
P0361,battery,22
P0197,performance,22
P0018,quality,22
P0357,battery,22
P0463,quality,22
P0398,quality,22
P0253,quality,22
P0118,performance,22
P0118,quality,22
P0059,battery,22
P0230,quality,22
P0446,battery,22
P0230,performance,22
P0300,quality,22
P0346,quality,22
P0390,quality,22
P0030,quality,22
P0155,battery,22
P0160,performance,22
P0006,performance,22
P0338,quality,22
P0113,battery,22
P0110,quality,22
P0491,battery,22
P0292,quality,22
P0134,performance,22
P0372,quality,22
P0223,quality,22
P0134,battery,22
P0378,performance,22
P0379,battery,22
P0056,performance,22
P0244,quality,22
P0307,battery,22
P0434,battery,22
P0028,quality,22
P0445,quality,22
P0389,battery,22
P0163,quality,21
P0492,quality,21
P0337,quality,21
P0149,quality,21
P0465,software,21
P0468,quality,21
P0470,quality,21
P0326,quality,21
P0083,quality,21
P0082,quality,21
P0328,quality,21
P0181,quality,21
P0151,quality,21
P0193,battery,21
P0349,quality,21
P0188,quality,21
P0356,battery,21
P0475,quality,21
P0188,performance,21
P0352,battery,21
P0344,quality,21
P0344,performance,21
P0332,quality,21
P0045,quality,21
P0038,quality,21
P0417,quality,21
P0143,battery,21
P0087,quality,21
P0321,quality,21
P0359,quality,21
P0066,quality,21
P0202,quality,21
P0254,performance,21
P0432,quality,21
P0282,quality,21
P0447,battery,21
P0026,performance,21
P0218,quality,21
P0369,battery,21
P0371,battery,21
P0086,performance,21
P0320,quality,21
P0220,battery,21
P0314,quality,21
P0311,battery,21
P0086,quality,21
P0250,performance,21
P0454,battery,21
P0124,quality,21
P0212,quality,21
P0211,performance,21
P0250,quality,21
P0287,battery,21
P0394,performance,21
P0392,quality,21
P0288,quality,21
P0256,performance,21
P0146,battery,21
P0462,performance,21
P0361,quality,21
P0064,battery,21
P0064,quality,21
P0209,quality,21
P0021,quality,21
P0207,battery,21
P0205,battery,21
P0126,performance,21
P0386,battery,21
P0233,battery,21
P0231,battery,21
P0301,quality,21
P0223,battery,21
P0306,battery,21
P0058,quality,21
P0095,quality,21
P0436,battery,21
P0033,performance,21
P0123,quality,21
P0243,quality,21
P0022,performance,21
P0240,quality,21
P0103,battery,21
P0384,battery,21
P0235,quality,21
P0236,battery,21
P0128,battery,21
P0100,quality,21
P0099,performance,21
P0276,quality,21
P0274,quality,21
P0275,quality,21
P0340,performance,21
P0078,battery,21
P0339,battery,21
P0152,quality,21
P0179,quality,21
P0177,quality,21
P0010,performance,21
P0483,performance,21
P0496,performance,20
P0165,performance,20
P0485,performance,20
P0180,battery,20
P0180,quality,20
P0339,performance,20
P0077,battery,20
P0488,quality,20
P0489,battery,20
P0007,performance,20
P0007,quality,20
P0168,performance,20
P0172,quality,20
P0129,battery,20
P0292,performance,20
P0294,quality,20
P0098,battery,20
P0381,performance,20
P0437,performance,20
P0228,quality,20
P0376,quality,20
P0380,battery,20
P0303,quality,20
P0131,quality,20
P0234,performance,20
P0136,comfort,20
P0374,performance,20
P0308,quality,20
P0388,battery,20
P0052,battery,20
P0053,performance,20
P0243,battery,20
P0245,battery,20
P0448,delivery,20
P0449,quality,20
P0219,quality,20
P0093,quality,20
P0369,quality,20
P0366,quality,20
P0091,battery,20
P0317,quality,20
P0138,quality,20
P0214,quality,20
P0246,quality,20
P0285,battery,20
P0049,quality,20
P0431,battery,20
P0431,quality,20
P0142,comfort,20
P0459,software,20
P0363,quality,20
P0364,quality,20
P0063,quality,20
P0145,performance,20
P0201,performance,20
P0464,battery,20
P0254,quality,20
P0399,quality,20
P0282,performance,20
P0104,quality,20
P0119,quality,20
P0422,quality,20
P0261,quality,20
P0469,battery,20
P0323,quality,20
P0327,quality,20
P0192,quality,20
P0195,performance,20
P0354,delivery,20
P0354,quality,20
P0355,battery,20
P0346,battery,20
P0334,quality,20
P0181,price,20
P0479,performance,20
P0482,battery,20
P0416,performance,20
P0265,quality,20
P0115,quality,20
P0410,battery,20
P0043,performance,20
P0160,quality,20
P0496,quality,20
P0493,quality,20
P0005,performance,19
P0004,battery,19
P0166,quality,19
P0493,battery,19
P0345,performance,19
P0348,quality,19
P0070,price,19
P0071,battery,19
P0336,price,19
P0481,performance,19
P0408,quality,19
P0042,software,19
P0043,quality,19
P0410,quality,19
P0269,performance,19
P0269,quality,19
P0273,performance,19
P0152,battery,19
P0472,quality,19
P0015,battery,19
P0189,battery,19
P0355,quality,19
P0404,battery,19
P0404,quality,19
P0045,performance,19
P0278,quality,19
P0282,battery,19
P0414,battery,19
P0041,performance,19
P0415,performance,19
P0068,quality,19
P0079,quality,19
P0191,performance,19
P0467,battery,19
P0468,performance,19
P0192,performance,19
P0325,quality,19
P0326,performance,19
P0327,battery,19
P0327,performance,19
P0329,quality,19
P0195,quality,19
P0146,quality,19
P0199,quality,19
P0035,software,19
P0260,quality,19
P0263,quality,19
P0416,quality,19
P0266,performance,19
P0114,price,19
P0411,quality,19
P0403,quality,19
P0322,software,19
P0360,battery,19
P0067,battery,19
P0360,quality,19
P0432,battery,19
P0397,performance,19
P0400,quality,19
P0048,quality,19
P0284,performance,19
P0284,quality,19
P0255,quality,19
P0203,quality,19
P0458,quality,19
P0207,quality,19
P0364,battery,19
P0319,quality,19
P0312,quality,19
P0090,quality,19
P0316,performance,19
P0316,quality,19
P0316,software,19
P0318,comfort,19
P0088,quality,19
P0089,quality,19
P0139,performance,19
P0140,performance,19
P0249,quality,19
P0105,battery,19
P0393,performance,19
P0102,quality,19
P0428,battery,19
P0212,battery,19
P0136,quality,19
P0455,quality,19
P0024,performance,19
P0434,performance,19
P0435,quality,19
P0031,quality,19
P0247,battery,19
P0248,quality,19
P0094,quality,19
P0369,price,19
P0061,quality,19
P0310,performance,19
P0224,performance,19
P0226,performance,19
P0133,performance,19
P0441,quality,19
P0060,battery,19
P0443,battery,19
P0242,delivery,19
P0290,battery,19
P0290,quality,19
P0387,performance,19
P0388,quality,19
P0229,delivery,19
P0230,battery,19
P0384,quality,19
P0235,performance,19
P0291,battery,19
P0438,quality,19
P0439,quality,19
P0487,battery,19
P0487,quality,19
P0482,performance,19
P0181,performance,19
P0402,quality,19
P0489,quality,19
P0170,quality,19
P0174,quality,19
P0156,quality,19
P0347,comfort,19
P0347,performance,19
P0159,quality,19
P0161,battery,18
P0497,quality,18
P0154,quality,18
P0339,quality,18
P0169,battery,18
P0341,performance,18
P0403,battery,18
P0008,price,18
P0487,performance,18
P0176,quality,18
P0154,battery,18
P0381,quality,18
P0129,performance,18
P0380,software,18
P0157,quality,18
P0440,performance,18
P0440,quality,18
P0238,battery,18
P0290,price,18
P0231,quality,18
P0303,comfort,18
P0302,quality,18
P0380,quality,18
P0379,performance,18
P0380,performance,18
P0128,quality,18
P0099,battery,18
P0248,performance,18
P0123,performance,18
P0309,performance,18
P0367,quality,18
P0032,quality,18
P0436,performance,18
P0122,quality,18
P0122,software,18
P0449,performance,18
P0388,performance,18
P0052,quality,18
P0389,performance,18
P0054,battery,18
P0390,performance,18
P0433,quality,18
P0230,comfort,18
P0027,battery,18
P0103,performance,18
P0126,quality,18
P0125,performance,18
P0227,quality,18
P0058,software,18
P0374,software,18
P0060,quality,18
P0134,quality,18
P0062,battery,18
P0224,battery,18
P0472,comfort,18
P0187,quality,18
P0413,performance,18
P0419,performance,18
P0038,performance,18
P0205,software,18
P0142,performance,18
P0204,quality,18
P0019,quality,18
P0424,performance,18
P0019,delivery,18
P0399,battery,18
P0426,quality,18
P0357,performance,18
P0322,quality,18
P0087,performance,18
P0358,quality,18
P0067,performance,18
P0463,performance,18
P0465,battery,18
P0018,performance,18
P0285,performance,18
P0461,quality,18
P0065,performance,18
P0459,performance,18
P0209,battery,18
P0320,performance,18
P0251,battery,18
P0287,performance,18
P0215,quality,18
P0034,quality,18
P0288,performance,18
P0022,quality,18
P0456,performance,18
P0457,battery,18
P0446,quality,18
P0447,quality,18
P0333,price,18
P0331,battery,18
P0193,quality,18
P0353,quality,18
P0046,performance,18
P0186,performance,18
P0270,quality,18
P0012,quality,18
P0167,performance,18
P0343,performance,18
P0163,battery,18
P0350,performance,18
P0480,quality,18
P0351,quality,18
P0070,performance,18
P0277,quality,18
P0324,performance,18
P0083,performance,18
P0425,quality,18
P0037,performance,18
P0195,battery,18
P0355,performance,18
P0278,performance,18
P0190,battery,18
P0425,battery,18
P0024,quality,17
P0245,performance,17
P0124,performance,17
P0249,battery,17
P0031,performance,17
P0178,battery,17
P0241,performance,17
P0338,delivery,17
P0007,battery,17
P0074,delivery,17
P0175,quality,17
P0161,quality,17
P0061,performance,17
P0246,performance,17
P0442,quality,17
P0305,performance,17
P0373,quality,17
P0059,performance,17
P0444,battery,17
P0441,performance,17
P0442,performance,17
P0304,quality,17
P0220,quality,17
P0302,performance,17
P0232,battery,17
P0294,performance,17
P0101,performance,17
P0128,performance,17
P0128,delivery,17
P0233,quality,17
P0233,delivery,17
P0378,battery,17
P0242,battery,17
P0229,battery,17
P0027,delivery,17
P0158,quality,17
P0486,battery,17
P0365,performance,17
P0105,performance,17
P0256,quality,17
P0267,quality,17
P0065,quality,17
P0358,performance,17
P0462,quality,17
P0401,performance,17
P0252,quality,17
P0204,battery,17
P0283,quality,17
P0019,performance,17
P0401,quality,17
P0047,quality,17
P0401,battery,17
P0251,comfort,17
P0210,quality,17
P0021,performance,17
P0427,quality,17
P0035,performance,17
P0213,software,17
P0137,quality,17
P0452,performance,17
P0453,performance,17
P0395,comfort,17
P0395,quality,17
P0313,quality,17
P0092,delivery,17
P0092,quality,17
P0249,performance,17
P0323,performance,17
P0148,quality,17
P0466,performance,17
P0149,performance,17
P0014,battery,17
P0396,quality,17
P0281,price,17
P0079,performance,17
P0331,quality,17
P0069,quality,17
P0407,quality,17
P0413,quality,17
P0466,quality,17
P0200,software,17
P0015,quality,17
P0471,quality,17
P0471,performance,17
P0185,software,17
P0183,performance,17
P0472,battery,17
P0042,quality,17
P0268,quality,17
P0112,performance,17
P0273,quality,17
P0275,performance,17
P0274,performance,17
P0110,delivery,17
P0481,quality,17
P0481,price,17
P0408,performance,17
P0011,quality,17
P0334,battery,17
P0348,performance,17
P0166,comfort,17
P0494,quality,17
P0006,battery,17
P0001,quality,16
P0002,performance,16
P0494,performance,16
P0119,delivery,16
P0258,price,16
P0259,quality,16
P0260,performance,16
P0012,performance,16
P0009,performance,16
P0010,delivery,16
P0261,comfort,16
P0261,performance,16
P0117,quality,16
P0115,price,16
P0268,performance,16
P0111,performance,16
P0276,performance,16
P0238,quality,16
P0279,comfort,16
P0280,battery,16
P0106,software,16
P0280,software,16
P0127,performance,16
P0128,price,16
P0159,battery,16
P0477,quality,16
P0011,battery,16
P0232,quality,16
P0233,price,16
P0102,comfort,16
P0292,comfort,16
P0231,performance,16
P0295,price,16
P0295,quality,16
P0296,performance,16
P0298,delivery,16
P0299,quality,16
P0017,delivery,16
P0096,quality,16
P0097,delivery,16
P0309,software,16
P0094,software,16
P0318,quality,16
P0088,performance,16
P0090,delivery,16
P0321,delivery,16
P0321,performance,16
P0087,delivery,16
P0087,software,16
P0083,price,16
P0331,software,16
P0079,price,16
P0218,performance,16
P0018,price,16
P0019,comfort,16
P0168,quality,16
P0170,comfort,16
P0334,software,16
P0335,delivery,16
P0338,price,16
P0339,delivery,16
P0078,performance,16
P0342,performance,16
P0342,quality,16
P0213,performance,16
P0348,delivery,16
P0211,quality,16
P0352,quality,16
P0068,performance,16
P0207,performance,16
P0208,quality,16
P0156,performance,16
P0464,comfort,16
P0172,comfort,16
P0173,quality,16
P0465,performance,16
P0359,performance,16
P0066,delivery,16
P0361,delivery,16
P0361,performance,16
P0362,battery,16
P0364,performance,16
P0369,software,16
P0062,performance,16
P0062,quality,16
P0144,performance,16
P0201,software,16
P0452,quality,16
P0174,performance,16
P0378,quality,16
P0143,quality,16
P0056,comfort,16
P0387,quality,16
P0053,price,16
P0145,price,16
P0400,battery,16
P0401,comfort,16
P0046,comfort,16
P0408,price,16
P0189,quality,16
P0153,quality,16
P0447,software,16
P0448,performance,16
P0175,performance,16
P0044,performance,16
P0412,performance,16
P0412,price,16
P0040,quality,16
P0186,quality,16
P0421,performance,16
P0421,price,16
P0150,quality,16
P0423,battery,16
P0423,quality,16
P0036,performance,16
P0429,performance,16
P0182,quality,16
P0181,delivery,16
P0445,performance,16
P0184,performance,16
P0495,price,16
P0251,price,16
P0253,delivery,16
P0487,price,16
P0006,software,16
P0491,performance,16
P0493,comfort,16
P0001,performance,16
P0488,comfort,15
P0004,quality,15
P0329,performance,15
P0324,quality,15
P0219,performance,15
P0322,performance,15
P0467,quality,15
P0465,price,15
P0018,software,15
P0152,performance,15
P0447,performance,15
P0446,performance,15
P0443,performance,15
P0442,price,15
P0003,delivery,15
P0440,comfort,15
P0319,performance,15
P0089,performance,15
P0222,performance,15
P0222,delivery,15
P0317,performance,15
P0316,comfort,15
P0092,performance,15
P0335,quality,15
P0034,performance,15
P0036,quality,15
P0424,quality,15
P0267,comfort,15
P0241,quality,15
P0262,quality,15
P0217,software,15
P0217,performance,15
P0216,quality,15
P0216,price,15
P0091,performance,15
P0091,delivery,15
P0224,quality,15
P0312,performance,15
P0041,comfort,15
P0273,software,15
P0112,quality,15
P0125,software,15
P0272,performance,15
P0271,quality,15
P0182,performance,15
P0072,performance,15
P0346,performance,15
P0076,performance,15
P0344,comfort,15
P0343,price,15
P0212,performance,15
P0307,software,15
P0307,price,15
P0301,performance,15
P0301,delivery,15
P0300,performance,15
P0026,comfort,15
P0451,performance,15
P0449,battery,15
P0038,comfort,15
P0419,price,15
P0417,price,15
P0155,performance,15
P0208,performance,15
P0354,performance,15
P0140,quality,15
P0139,comfort,15
P0362,performance,15
P0359,price,15
P0046,quality,15
P0281,quality,15
P0108,quality,15
P0107,software,15
P0279,price,15
P0019,software,15
P0157,price,15
P0014,performance,15
P0474,comfort,15
P0470,price,15
P0017,performance,15
P0016,quality,15
P0016,performance,15
P0367,price,15
P0106,price,15
P0106,performance,15
P0104,performance,15
P0164,performance,15
P0011,performance,15
P0478,comfort,15
P0409,performance,15
P0148,software,15
P0206,quality,15
P0206,performance,15
P0362,price,15
P0228,performance,15
P0227,software,15
P0130,quality,15
P0451,software,15
P0375,quality,15
P0375,performance,15
P0059,comfort,15
P0371,quality,15
P0202,delivery,15
P0175,comfort,15
P0457,price,15
P0391,comfort,15
P0054,software,15
P0049,performance,15
P0048,performance,15
P0047,performance,15
P0400,performance,15
P0146,comfort,15
P0194,quality,15
P0396,performance,15
P0457,performance,15
P0457,delivery,15
P0023,performance,15
P0023,comfort,15
P0454,quality,15
P0292,price,15
P0290,performance,15
P0289,quality,15
P0104,comfort,15
P0103,delivery,15
P0289,performance,15
P0131,performance,15
P0286,comfort,15
P0285,delivery,15
P0382,quality,15
P0057,performance,15
P0394,quality,15
P0049,price,15
P0486,quality,15
P0253,performance,15
P0121,price,15
P0497,performance,15
P0257,performance,15
P0255,performance,15
P0253,software,15
P0247,quality,15
P0434,price,15
P0117,performance,15
P0161,performance,15
P0485,software,15
P0484,performance,15
P0482,quality,15
P0491,comfort,15
P0493,performance,15
P0160,comfort,15
P0009,price,14
P0010,comfort,14
P0161,comfort,14
P0161,price,14
P0244,delivery,14
P0123,delivery,14
P0435,performance,14
P0331,comfort,14
P0331,delivery,14
P0488,performance,14
P0254,comfort,14
P0258,quality,14
P0260,comfort,14
P0120,software,14
P0486,software,14
P0050,performance,14
P0051,quality,14
P0381,battery,14
P0200,comfort,14
P0144,delivery,14
P0381,delivery,14
P0382,performance,14
P0384,price,14
P0286,performance,14
P0234,quality,14
P0102,delivery,14
P0103,comfort,14
P0453,price,14
P0455,comfort,14
P0195,price,14
P0398,performance,14
P0402,delivery,14
P0402,price,14
P0054,price,14
P0051,software,14
P0393,software,14
P0377,quality,14
P0370,performance,14
P0061,comfort,14
P0372,performance,14
P0060,software,14
P0376,performance,14
P0200,performance,14
P0177,price,14
P0293,performance,14
P0100,delivery,14
P0295,performance,14
P0296,delivery,14
P0296,price,14
P0298,quality,14
P0133,software,14
P0362,quality,14
P0143,comfort,14
P0063,performance,14
P0408,comfort,14
P0476,software,14
P0478,quality,14
P0480,performance,14
P0012,delivery,14
P0104,price,14
P0105,comfort,14
P0396,delivery,14
P0367,delivery,14
P0369,performance,14
P0473,quality,14
P0013,comfort,14
P0013,performance,14
P0014,delivery,14
P0020,comfort,14
P0043,price,14
P0279,quality,14
P0236,performance,14
P0283,price,14
P0474,software,14
P0476,delivery,14
P0476,quality,14
P0403,software,14
P0192,software,14
P0405,comfort,14
P0045,price,14
P0020,quality,14
P0171,quality,14
P0066,performance,14
P0210,software,14
P0140,comfort,14
P0350,delivery,14
P0351,comfort,14
P0068,software,14
P0069,software,14
P0418,performance,14
P0418,quality,14
P0039,performance,14
P0040,delivery,14
P0419,software,14
P0409,software,14
P0448,quality,14
P0450,quality,14
P0025,price,14
P0177,delivery,14
P0301,comfort,14
P0095,performance,14
P0132,delivery,14
P0306,software,14
P0211,software,14
P0272,delivery,14
P0239,quality,14
P0113,performance,14
P0274,software,14
P0275,price,14
P0109,quality,14
P0237,performance,14
P0410,software,14
P0042,comfort,14
P0347,software,14
P0308,performance,14
P0310,comfort,14
P0312,price,14
P0313,delivery,14
P0223,performance,14
P0314,comfort,14
P0215,software,14
P0432,performance,14
P0117,price,14
P0266,delivery,14
P0266,software,14
P0267,performance,14
P0422,comfort,14
P0426,performance,14
P0428,comfort,14
P0429,price,14
P0429,quality,14
P0337,comfort,14
P0339,software,14
P0318,delivery,14
P0318,performance,14
P0135,performance,14
P0320,price,14
P0017,quality,14
P0017,software,14
P0032,price,14
P0435,software,14
P0436,comfort,14
P0436,delivery,14
P0439,delivery,14
P0154,performance,14
P0495,performance,14
P0444,price,14
P0444,quality,14
P0018,comfort,14
P0170,battery,14
P0333,comfort,14
P0215,price,14
P0324,comfort,14
P0220,performance,14
P0325,performance,14
P0328,price,14
P0082,performance,14
P0494,delivery,14
P0487,software,13
P0486,performance,13
P0486,delivery,13
P0247,price,13
P0253,comfort,13
P0252,price,13
P0251,quality,13
P0122,performance,13
P0496,software,13
P0481,software,13
P0166,performance,13
P0258,performance,13
P0257,comfort,13
P0119,performance,13
P0118,price,13
P0254,delivery,13
P0002,price,13
P0218,price,13
P0218,delivery,13
P0331,price,13
P0082,comfort,13
P0219,comfort,13
P0333,performance,13
P0137,comfort,13
P0015,delivery,13
P0469,software,13
P0170,delivery,13
P0169,performance,13
P0017,price,13
P0322,delivery,13
P0320,delivery,13
P0222,software,13
P0316,delivery,13
P0314,software,13
P0339,comfort,13
P0337,software,13
P0337,performance,13
P0336,quality,13
P0336,comfort,13
P0335,software,13
P0335,performance,13
P0216,software,13
P0314,performance,13
P0311,price,13
P0095,comfort,13
P0093,performance,13
P0309,comfort,13
P0308,price,13
P0348,software,13
P0074,performance,13
P0346,price,13
P0345,comfort,13
P0076,quality,13
P0214,software,13
P0341,price,13
P0340,comfort,13
P0307,performance,13
P0306,comfort,13
P0132,quality,13
P0227,performance,13
P0096,performance,13
P0303,performance,13
P0230,price,13
P0460,comfort,13
P0209,performance,13
P0069,price,13
P0352,performance,13
P0350,software,13
P0360,price,13
P0360,performance,13
P0067,price,13
P0360,comfort,13
P0464,quality,13
P0173,performance,13
P0172,price,13
P0463,comfort,13
P0462,comfort,13
P0229,quality,13
P0157,delivery,13
P0157,comfort,13
P0473,delivery,13
P0015,performance,13
P0368,performance,13
P0365,software,13
P0064,performance,13
P0064,delivery,13
P0063,price,13
P0364,price,13
P0142,software,13
P0297,software,13
P0297,delivery,13
P0297,comfort,13
P0296,software,13
P0101,quality,13
P0293,delivery,13
P0373,price,13
P0372,price,13
P0142,delivery,13
P0203,performance,13
P0378,comfort,13
P0377,delivery,13
P0155,comfort,13
P0456,quality,13
P0022,delivery,13
P0104,delivery,13
P0102,performance,13
P0289,comfort,13
P0384,performance,13
P0384,delivery,13
P0383,comfort,13
P0381,software,13
P0198,quality,13
P0380,comfort,13
P0056,software,13
P0378,delivery,13
P0051,performance,13
P0392,performance,13
P0053,quality,13
P0196,comfort,13
P0386,quality,13
P0385,software,13
P0385,quality,13
P0403,performance,13
P0397,price,13
P0147,performance,13
P0195,comfort,13
P0105,price,13
P0010,quality,13
P0479,software,13
P0479,comfort,13
P0148,performance,13
P0147,software,13
P0190,comfort,13
P0407,software,13
P0407,performance,13
P0406,software,13
P0149,software,13
P0149,price,13
P0236,quality,13
P0236,delivery,13
P0235,price,13
P0280,price,13
P0280,performance,13
P0279,software,13
P0044,delivery,13
P0043,software,13
P0176,software,13
P0176,performance,13
P0025,performance,13
P0025,delivery,13
P0152,software,13
P0039,price,13
P0188,price,13
P0188,delivery,13
P0187,software,13
P0187,performance,13
P0275,software,13
P0112,software,13
P0273,delivery,13
P0125,delivery,13
P0430,comfort,13
P0036,price,13
P0424,software,13
P0150,performance,13
P0186,comfort,13
P0421,software,13
P0421,delivery,13
P0270,comfort,13
P0113,software,13
P0265,performance,13
P0243,performance,13
P0242,performance,13
P0263,price,13
P0262,software,13
P0262,performance,13
P0262,delivery,13
P0184,software,13
P0446,delivery,13
P0027,comfort,13
P0026,quality,13
P0444,performance,13
P0444,comfort,13
P0443,quality,13
P0441,comfort,13
P0005,delivery,13
P0180,performance,13
P0154,comfort,13
P0438,battery,13
P0437,comfort,13
P0117,delivery,13
P0116,quality,13
P0485,comfort,13
P0484,quality,13
P0483,delivery,13
P0160,delivery,13
P0002,comfort,12
P0494,battery,12
P0003,comfort,12
P0159,software,12
P0497,price,12
P0499,performance,12
P0498,battery,12
P0498,performance,12
P0089,price,12
P0319,delivery,12
P0320,comfort,12
P0328,comfort,12
P0081,price,12
P0134,comfort,12
P0135,comfort,12
P0483,software,12
P0484,delivery,12
P0485,price,12
P0010,price,12
P0162,comfort,12
P0162,delivery,12
P0162,software,12
P0163,performance,12
P0121,performance,12
P0122,comfort,12
P0158,price,12
P0477,comfort,12
P0480,delivery,12
P0164,comfort,12
P0165,price,12
P0012,price,12
P0136,delivery,12
P0319,comfort,12
P0083,comfort,12
P0083,delivery,12
P0136,performance,12
P0137,software,12
P0138,delivery,12
P0138,price,12
P0315,performance,12
P0215,performance,12
P0223,software,12
P0224,comfort,12
P0224,software,12
P0016,software,12
P0470,software,12
P0259,performance,12
P0472,performance,12
P0473,comfort,12
P0013,delivery,12
P0013,price,12
P0014,comfort,12
P0167,quality,12
P0225,performance,12
P0336,performance,12
P0337,delivery,12
P0337,price,12
P0339,price,12
P0077,price,12
P0077,quality,12
P0078,delivery,12
P0245,quality,12
P0463,software,12
P0171,performance,12
P0019,price,12
P0170,software,12
P0469,delivery,12
P0343,delivery,12
P0094,comfort,12
P0311,performance,12
P0313,comfort,12
P0075,comfort,12
P0075,software,12
P0076,delivery,12
P0305,software,12
P0116,software,12
P0263,performance,12
P0023,software,12
P0024,comfort,12
P0456,price,12
P0174,delivery,12
P0154,software,12
P0460,quality,12
P0462,price,12
P0093,comfort,12
P0093,delivery,12
P0349,comfort,12
P0210,performance,12
P0139,price,12
P0226,price,12
P0227,delivery,12
P0450,comfort,12
P0450,performance,12
P0451,comfort,12
P0026,price,12
P0453,delivery,12
P0022,comfort,12
P0132,performance,12
P0132,software,12
P0097,performance,12
P0351,performance,12
P0355,price,12
P0207,software,12
P0208,delivery,12
P0210,delivery,12
P0304,comfort,12
P0304,performance,12
P0095,price,12
P0142,price,12
P0207,delivery,12
P0114,delivery,12
P0115,comfort,12
P0267,software,12
P0178,quality,12
P0179,performance,12
P0447,price,12
P0363,delivery,12
P0098,performance,12
P0099,price,12
P0064,software,12
P0366,performance,12
P0368,software,12
P0269,price,12
P0269,software,12
P0270,performance,12
P0271,delivery,12
P0180,comfort,12
P0026,software,12
P0027,performance,12
P0447,comfort,12
P0370,delivery,12
P0370,price,12
P0229,price,12
P0229,software,12
P0204,delivery,12
P0141,comfort,12
P0141,delivery,12
P0141,software,12
P0370,software,12
P0240,performance,12
P0032,software,12
P0033,delivery,12
P0438,comfort,12
P0029,price,12
P0029,software,12
P0268,software,12
P0062,comfort,12
P0062,price,12
P0372,delivery,12
P0060,price,12
P0058,performance,12
P0378,software,12
P0379,software,12
P0232,delivery,12
P0381,price,12
P0385,comfort,12
P0385,price,12
P0387,software,12
P0112,delivery,12
P0182,software,12
P0183,comfort,12
P0183,delivery,12
P0184,price,12
P0185,performance,12
P0431,price,12
P0432,price,12
P0435,delivery,12
P0435,price,12
P0240,comfort,12
P0110,software,12
P0277,performance,12
P0037,comfort,12
P0426,software,12
P0427,performance,12
P0430,delivery,12
P0033,software,12
P0052,performance,12
P0053,delivery,12
P0291,software,12
P0196,performance,12
P0196,quality,12
P0196,software,12
P0198,delivery,12
P0198,performance,12
P0288,delivery,12
P0290,comfort,12
P0051,delivery,12
P0396,price,12
P0397,comfort,12
P0146,price,12
P0287,price,12
P0420,performance,12
P0421,comfort,12
P0239,comfort,12
P0150,software,12
P0151,performance,12
P0422,software,12
P0423,delivery,12
P0424,price,12
P0036,comfort,12
P0109,performance,12
P0040,performance,12
P0041,delivery,12
P0281,performance,12
P0042,price,12
P0417,comfort,12
P0189,price,12
P0418,software,12
P0419,comfort,12
P0232,software,12
P0234,comfort,12
P0235,comfort,12
P0398,price,12
P0400,price,12
P0047,delivery,12
P0048,software,12
P0049,comfort,12
P0402,comfort,12
P0403,delivery,12
P0191,price,12
P0282,price,12
P0282,software,12
P0127,delivery,12
P0283,delivery,12
P0411,performance,12
P0412,quality,12
P0192,delivery,12
P0192,price,12
P0194,delivery,12
P0283,performance,12
P0284,delivery,12
P0405,performance,12
P0046,delivery,12
P0047,comfort,12
P0406,performance,12
P0406,price,12
P0407,delivery,12
P0282,comfort,12
P0282,delivery,12
P0004,performance,12
P0321,price,12
P0219,delivery,12
P0220,price,12
P0324,software,12
P0085,comfort,12
P0085,delivery,12
P0085,price,12
P0085,software,12
P0252,software,12
P0488,software,12
P0490,comfort,12
P0006,comfort,12
P0492,performance,12
P0496,comfort,12
P0160,price,11
P0499,software,11
P0495,software,11
P0492,software,11
P0491,software,11
P0008,delivery,11
P0006,price,11
P0489,performance,11
P0488,delivery,11
P0487,delivery,11
P0252,performance,11
P0084,software,11
P0324,price,11
P0221,performance,11
P0219,software,11
P0161,software,11
P0162,performance,11
P0162,price,11
P0487,comfort,11
P0158,performance,11
P0477,performance,11
P0255,price,11
P0256,comfort,11
P0256,delivery,11
P0011,comfort,11
P0011,software,11
P0167,comfort,11
P0482,delivery,11
P0483,comfort,11
P0135,software,11
P0318,software,11
P0238,delivery,11
P0150,comfort,11
P0151,software,11
P0423,performance,11
P0279,delivery,11
P0280,comfort,11
P0280,delivery,11
P0281,delivery,11
P0041,price,11
P0042,performance,11
P0415,price,11
P0188,comfort,11
P0399,performance,11
P0399,price,11
P0400,comfort,11
P0400,software,11
P0100,performance,11
P0390,comfort,11
P0390,software,11
P0391,performance,11
P0391,software,11
P0103,software,11
P0291,comfort,11
P0050,price,11
P0395,delivery,11
P0395,performance,11
P0194,performance,11
P0146,delivery,11
P0146,software,11
P0397,delivery,11
P0420,delivery,11
P0237,software,11
P0184,delivery,11
P0185,comfort,11
P0035,delivery,11
P0434,delivery,11
P0110,comfort,11
P0110,price,11
P0276,software,11
P0277,comfort,11
P0429,delivery,11
P0430,quality,11
P0431,comfort,11
P0182,price,11
P0112,comfort,11
P0389,software,11
P0052,price,11
P0291,price,11
P0375,price,11
P0144,software,11
P0202,comfort,11
P0377,performance,11
P0058,comfort,11
P0198,software,11
P0143,performance,11
P0143,software,11
P0144,comfort,11
P0383,performance,11
P0383,software,11
P0384,comfort,11
P0384,software,11
P0388,delivery,11
P0388,price,11
P0274,comfort,11
P0371,comfort,11
P0061,delivery,11
P0125,price,11
P0126,delivery,11
P0032,comfort,11
P0032,delivery,11
P0032,performance,11
P0438,performance,11
P0438,price,11
P0030,delivery,11
P0030,performance,11
P0372,comfort,11
P0298,performance,11
P0298,price,11
P0299,price,11
P0059,software,11
P0366,software,11
P0367,performance,11
P0369,comfort,11
P0271,comfort,11
P0272,comfort,11
P0181,comfort,11
P0440,software,11
P0441,price,11
P0442,software,11
P0027,price,11
P0446,software,11
P0369,delivery,11
P0204,comfort,11
P0204,performance,11
P0141,performance,11
P0141,price,11
P0178,performance,11
P0266,comfort,11
P0113,price,11
P0153,delivery,11
P0153,price,11
P0448,comfort,11
P0241,software,11
P0242,comfort,11
P0242,software,11
P0097,software,11
P0098,software,11
P0099,comfort,11
P0364,delivery,11
P0063,delivery,11
P0064,comfort,11
P0065,delivery,11
P0352,delivery,11
P0067,software,11
P0068,price,11
P0356,comfort,11
P0357,quality,11
P0208,software,11
P0303,software,11
P0096,comfort,11
P0360,delivery,11
P0065,software,11
P0066,price,11
P0066,software,11
P0205,performance,11
P0205,price,11
P0205,quality,11
P0447,delivery,11
P0349,performance,11
P0226,software,11
P0243,price,11
P0244,comfort,11
P0264,quality,11
P0450,price,11
P0451,delivery,11
P0024,software,11
P0453,software,11
P0455,performance,11
P0116,performance,11
P0116,price,11
P0227,price,11
P0133,comfort,11
P0072,comfort,11
P0351,software,11
P0345,software,11
P0306,performance,11
P0262,comfort,11
P0458,software,11
P0459,comfort,11
P0460,performance,11
P0020,price,11
P0021,price,11
P0245,price,11
P0308,delivery,11
P0309,price,11
P0072,price,11
P0073,comfort,11
P0073,performance,11
P0138,software,11
P0139,delivery,11
P0123,software,11
P0124,comfort,11
P0261,price,11
P0463,price,11
P0173,comfort,11
P0173,delivery,11
P0464,price,11
P0467,performance,11
P0168,price,11
P0169,comfort,11
P0214,comfort,11
P0312,comfort,11
P0075,performance,11
P0076,comfort,11
P0076,price,11
P0076,software,11
P0224,price,11
P0015,software,11
P0470,comfort,11
P0257,software,11
P0259,price,11
P0471,price,11
P0474,price,11
P0157,performance,11
P0314,price,11
P0077,software,11
P0340,delivery,11
P0340,software,11
P0341,comfort,11
P0341,delivery,11
P0342,comfort,11
P0213,price,11
P0330,software,11
P0332,comfort,11
P0332,price,11
P0079,delivery,11
P0080,performance,11
P0080,software,11
P0090,software,11
P0091,comfort,11
P0092,software,11
P0315,price,11
P0317,comfort,11
P0317,delivery,11
P0081,performance,11
P0334,comfort,11
P0334,delivery,11
P0335,comfort,11
P0494,software,11
P0002,software,11
P0499,price,11
P0499,comfort,11
P0120,performance,11
P0088,price,11
P0089,comfort,11
P0327,price,11
P0327,software,11
P0329,delivery,11
P0329,software,11
P0330,delivery,11
P0134,price,11
P0134,software,11
P0485,delivery,11
P0009,delivery,11
P0401,price,11
P0283,comfort,11
P0408,software,11
P0409,comfort,11
P0190,delivery,11
P0190,software,11
P0191,comfort,11
P0409,price,11
P0410,delivery,11
P0410,price,11
P0411,comfort,11
P0193,performance,11
P0404,price,11
P0405,price,11
P0005,comfort,11
P0494,price,11
P0288,software,10
P0289,delivery,10
P0393,delivery,10
P0396,comfort,10
P0053,software,10
P0196,price,10
P0101,price,10
P0101,delivery,10
P0101,comfort,10
P0051,price,10
P0394,price,10
P0289,software,10
P0220,delivery,10
P0220,comfort,10
P0323,price,10
P0163,price,10
P0160,software,10
P0255,comfort,10
P0248,comfort,10
P0247,performance,10
P0090,performance,10
P0084,comfort,10
P0325,price,10
P0482,price,10
P0012,comfort,10
P0480,software,10
P0220,software,10
P0293,price,10
P0292,software,10
P0052,software,10
P0052,delivery,10
P0389,delivery,10
P0047,price,10
P0400,delivery,10
P0398,software,10
P0233,performance,10
P0397,software,10
P0147,delivery,10
P0256,software,10
P0327,delivery,10
P0086,comfort,10
P0321,comfort,10
P0319,software,10
P0090,price,10
P0119,price,10
P0478,performance,10
P0388,software,10
P0055,software,10
P0402,performance,10
P0401,software,10
P0048,delivery,10
P0235,software,10
P0235,delivery,10
P0407,comfort,10
P0046,software,10
P0046,price,10
P0045,software,10
P0045,comfort,10
P0285,price,10
P0130,price,10
P0080,comfort,10
P0332,delivery,10
P0331,performance,10
P0082,software,10
P0318,price,10
P0134,delivery,10
P0475,performance,10
P0475,delivery,10
P0475,comfort,10
P0158,software,10
P0158,delivery,10
P0315,comfort,10
P0092,comfort,10
P0137,delivery,10
P0474,delivery,10
P0473,price,10
P0471,software,10
P0130,performance,10
P0199,software,10
P0199,price,10
P0148,comfort,10
P0189,software,10
P0407,price,10
P0127,price,10
P0054,comfort,10
P0385,delivery,10
P0414,delivery,10
P0334,price,10
P0260,delivery,10
P0258,delivery,10
P0015,price,10
P0469,price,10
P0469,performance,10
P0468,delivery,10
P0468,comfort,10
P0467,comfort,10
P0466,price,10
P0466,delivery,10
P0014,software,10
P0414,comfort,10
P0199,performance,10
P0199,comfort,10
P0058,price,10
P0058,delivery,10
P0057,price,10
P0413,comfort,10
P0412,software,10
P0412,comfort,10
P0044,price,10
P0018,delivery,10
P0465,comfort,10
P0313,software,10
P0225,software,10
P0225,comfort,10
P0202,price,10
P0201,delivery,10
P0145,comfort,10
P0417,software,10
P0042,delivery,10
P0041,software,10
P0108,price,10
P0108,delivery,10
P0107,price,10
P0340,price,10
P0078,software,10
P0172,software,10
P0123,price,10
P0245,delivery,10
P0020,software,10
P0375,delivery,10
P0375,comfort,10
P0374,comfort,10
P0060,delivery,10
P0299,performance,10
P0299,delivery,10
P0298,software,10
P0038,delivery,10
P0373,performance,10
P0310,software,10
P0310,price,10
P0094,delivery,10
P0214,performance,10
P0214,delivery,10
P0460,delivery,10
P0156,software,10
P0156,delivery,10
P0155,price,10
P0155,delivery,10
P0342,price,10
P0306,price,10
P0305,price,10
P0345,delivery,10
P0075,price,10
P0023,delivery,10
P0264,performance,10
P0347,price,10
P0373,delivery,10
P0371,software,10
P0150,price,10
P0186,price,10
P0239,performance,10
P0278,comfort,10
P0422,performance,10
P0204,software,10
P0073,software,10
P0073,price,10
P0073,delivery,10
P0093,software,10
P0093,price,10
P0117,software,10
P0427,delivery,10
P0037,software,10
P0037,delivery,10
P0036,software,10
P0036,delivery,10
P0277,price,10
P0425,performance,10
P0425,delivery,10
P0298,comfort,10
P0373,software,10
P0430,performance,10
P0350,price,10
P0211,price,10
P0177,performance,10
P0175,software,10
P0071,software,10
P0071,performance,10
P0347,delivery,10
P0229,performance,10
P0228,delivery,10
P0228,comfort,10
P0203,delivery,10
P0062,delivery,10
P0432,software,10
P0432,delivery,10
P0366,price,10
P0063,software,10
P0364,comfort,10
P0302,software,10
P0302,price,10
P0302,delivery,10
P0035,comfort,10
P0111,delivery,10
P0033,price,10
P0098,comfort,10
P0132,comfort,10
P0024,price,10
P0449,software,10
P0126,software,10
P0153,performance,10
P0068,comfort,10
P0454,comfort,10
P0353,price,10
P0353,delivery,10
P0114,performance,10
P0265,software,10
P0265,price,10
P0265,delivery,10
P0028,price,10
P0207,price,10
P0358,delivery,10
P0070,comfort,10
P0206,delivery,10
P0437,price,10
P0033,comfort,10
P0031,software,10
P0272,price,10
P0241,delivery,10
P0239,software,10
P0027,software,10
P0444,delivery,10
P0443,price,10
P0182,delivery,10
P0181,software,10
P0180,software,10
P0180,price,10
P0154,price,10
P0067,comfort,10
P0096,price,10
P0096,delivery,10
P0269,comfort,10
P0268,delivery,10
P0029,delivery,10
P0439,performance,10
P0439,comfort,10
P0301,price,10
P0153,software,10
P0271,software,10
P0271,price,10
P0270,software,10
P0270,delivery,10
P0304,delivery,10
P0209,comfort,10
P0361,software,10
P0356,software,10
P0393,comfort,10
P0159,performance,10
P0498,software,10
P0497,delivery,10
P0497,comfort,10
P0004,price,10
P0495,comfort,10
P0498,comfort,10
P0194,price,10
P0088,comfort,10
P0087,price,10
P0500,price,10
P0489,price,10
P0492,delivery,10
P0250,software,9
P0252,comfort,9
P0252,delivery,9
P0246,comfort,9
P0488,price,9
P0489,software,9
P0500,comfort,9
P0001,comfort,9
P0086,price,9
P0086,software,9
P0321,software,9
P0490,software,9
P0250,comfort,9
P0250,delivery,9
P0120,price,9
P0499,delivery,9
P0392,software,9
P0001,software,9
P0362,delivery,9
P0209,delivery,9
P0359,comfort,9
P0359,delivery,9
P0304,software,9
P0305,comfort,9
P0305,delivery,9
P0154,delivery,9
P0098,delivery,9
P0438,delivery,9
P0439,price,9
P0439,software,9
P0029,performance,9
P0066,comfort,9
P0355,comfort,9
P0030,price,9
P0440,price,9
P0441,delivery,9
P0441,software,9
P0443,software,9
P0028,delivery,9
P0356,price,9
P0361,comfort,9
P0435,comfort,9
P0239,price,9
P0240,delivery,9
P0031,price,9
P0207,comfort,9
P0363,comfort,9
P0363,performance,9
P0363,price,9
P0208,comfort,9
P0028,software,9
P0445,price,9
P0178,price,9
P0114,comfort,9
P0353,software,9
P0178,software,9
P0179,comfort,9
P0179,delivery,9
P0179,price,9
P0152,price,9
P0449,delivery,9
P0025,comfort,9
P0131,software,9
P0132,price,9
P0430,software,9
P0111,software,9
P0112,price,9
P0109,delivery,9
P0431,software,9
P0061,price,9
P0061,software,9
P0367,comfort,9
P0367,software,9
P0370,comfort,9
P0203,comfort,9
P0228,price,9
P0229,comfort,9
P0230,delivery,9
P0428,price,9
P0175,price,9
P0176,comfort,9
P0176,price,9
P0178,comfort,9
P0452,comfort,9
P0452,delivery,9
P0348,price,9
P0140,delivery,9
P0097,comfort,9
P0423,software,9
P0426,comfort,9
P0300,delivery,9
P0300,price,9
P0203,software,9
P0458,performance,9
P0454,price,9
P0454,software,9
P0455,delivery,9
P0456,delivery,9
P0116,delivery,9
P0307,comfort,9
P0308,comfort,9
P0074,comfort,9
P0346,software,9
P0237,delivery,9
P0238,comfort,9
P0238,performance,9
P0238,software,9
P0239,delivery,9
P0186,delivery,9
P0063,comfort,9
P0373,comfort,9
P0020,performance,9
P0262,price,9
P0264,comfort,9
P0126,price,9
P0022,software,9
P0312,delivery,9
P0223,delivery,9
P0344,price,9
P0458,delivery,9
P0459,price,9
P0212,software,9
P0214,price,9
P0310,delivery,9
P0020,delivery,9
P0187,delivery,9
P0187,price,9
P0188,software,9
P0189,performance,9
P0038,price,9
P0038,software,9
P0059,delivery,9
P0466,comfort,9
P0021,software,9
P0461,delivery,9
P0123,comfort,9
P0261,software,9
P0115,software,9
P0462,software,9
P0171,software,9
P0173,software,9
P0079,comfort,9
P0420,price,9
P0414,software,9
P0040,price,9
P0278,price,9
P0416,price,9
P0145,delivery,9
P0418,delivery,9
P0215,comfort,9
P0140,software,9
P0212,comfort,9
P0212,price,9
P0225,price,9
P0336,software,9
P0338,comfort,9
P0338,performance,9
P0464,delivery,9
P0464,performance,9
P0465,delivery,9
P0187,comfort,9
P0044,software,9
P0412,delivery,9
P0057,delivery,9
P0379,delivery,9
P0413,software,9
P0169,software,9
P0469,comfort,9
P0016,delivery,9
P0259,delivery,9
P0383,delivery,9
P0128,comfort,9
P0190,performance,9
P0148,delivery,9
P0200,delivery,9
P0129,software,9
P0477,delivery,9
P0244,performance,9
P0473,performance,9
P0136,software,9
P0137,price,9
P0138,performance,9
P0092,price,9
P0158,comfort,9
P0479,price,9
P0015,comfort,9
P0476,comfort,9
P0222,price,9
P0223,comfort,9
P0332,performance,9
P0332,software,9
P0285,software,9
P0286,price,9
P0045,delivery,9
P0236,comfort,9
P0131,comfort,9
P0294,comfort,9
P0382,comfort,9
P0382,software,9
P0100,comfort,9
P0100,software,9
P0403,comfort,9
P0404,comfort,9
P0194,comfort,9
P0284,price,9
P0105,delivery,9
P0055,comfort,9
P0386,delivery,9
P0387,comfort,9
P0246,delivery,9
P0477,software,9
P0118,comfort,9
P0119,comfort,9
P0319,price,9
P0328,delivery,9
P0317,software,9
P0256,price,9
P0389,comfort,9
P0145,software,9
P0286,software,9
P0232,performance,9
P0053,comfort,9
P0010,software,9
P0011,delivery,9
P0165,comfort,9
P0165,software,9
P0167,price,9
P0325,delivery,9
P0083,software,9
P0084,price,9
P0089,software,9
P0491,delivery,9
P0246,price,9
P0247,software,9
P0249,comfort,9
P0163,delivery,9
P0121,software,9
P0122,delivery,9
P0322,price,9
P0099,software,9
P0491,price,9
P0050,software,9
P0395,price,9
P0197,comfort,9
P0198,comfort,9
P0396,software,9
P0007,software,9
P0086,delivery,8
P0500,performance,8
P0500,delivery,8
P0490,delivery,8
P0489,comfort,8
P0251,performance,8
P0251,delivery,8
P0122,price,8
P0288,comfort,8
P0394,delivery,8
P0393,price,8
P0392,price,8
P0392,comfort,8
P0391,price,8
P0159,delivery,8
P0498,delivery,8
P0324,delivery,8
P0221,comfort,8
P0163,software,8
P0163,comfort,8
P0197,price,8
P0394,software,8
P0049,software,8
P0290,software,8
P0289,price,8
P0103,price,8
P0161,delivery,8
P0254,price,8
P0253,price,8
P0247,delivery,8
P0246,software,8
P0008,software,8
P0008,performance,8
P0484,software,8
P0234,delivery,8
P0233,software,8
P0287,delivery,8
P0287,comfort,8
P0194,software,8
P0390,price,8
P0390,delivery,8
P0198,price,8
P0089,delivery,8
P0326,price,8
P0326,comfort,8
P0484,comfort,8
P0482,software,8
P0012,software,8
P0011,price,8
P0481,delivery,8
P0480,comfort,8
P0330,price,8
P0048,price,8
P0100,price,8
P0119,software,8
P0118,delivery,8
P0478,price,8
P0082,price,8
P0135,price,8
P0135,delivery,8
P0475,price,8
P0157,software,8
P0091,price,8
P0138,comfort,8
P0218,comfort,8
P0080,delivery,8
P0168,delivery,8
P0013,software,8
P0472,software,8
P0472,price,8
P0472,delivery,8
P0244,software,8
P0244,price,8
P0191,delivery,8
P0404,performance,8
P0403,price,8
P0402,software,8
P0333,delivery,8
P0316,price,8
P0315,software,8
P0315,delivery,8
P0388,comfort,8
P0387,price,8
P0386,software,8
P0386,price,8
P0386,performance,8
P0056,delivery,8
P0106,delivery,8
P0284,software,8
P0257,price,8
P0471,delivery,8
P0470,performance,8
P0470,delivery,8
P0016,price,8
P0016,comfort,8
P0171,comfort,8
P0468,software,8
P0468,price,8
P0467,software,8
P0464,software,8
P0174,comfort,8
P0336,delivery,8
P0236,price,8
P0054,performance,8
P0382,delivery,8
P0286,delivery,8
P0226,comfort,8
P0342,software,8
P0341,software,8
P0078,price,8
P0077,delivery,8
P0261,delivery,8
P0124,price,8
P0021,delivery,8
P0311,delivery,8
P0130,software,8
P0130,delivery,8
P0231,software,8
P0143,delivery,8
P0149,comfort,8
P0148,price,8
P0190,price,8
P0408,delivery,8
P0128,software,8
P0074,software,8
P0213,delivery,8
P0459,delivery,8
P0306,delivery,8
P0346,comfort,8
P0458,comfort,8
P0024,delivery,8
P0264,delivery,8
P0056,price,8
P0378,price,8
P0411,delivery,8
P0043,delivery,8
P0410,performance,8
P0074,price,8
P0072,software,8
P0309,delivery,8
P0308,software,8
P0117,comfort,8
P0022,price,8
P0456,comfort,8
P0455,price,8
P0453,comfort,8
P0452,software,8
P0415,delivery,8
P0281,comfort,8
P0108,comfort,8
P0380,price,8
P0380,delivery,8
P0350,comfort,8
P0349,software,8
P0139,software,8
P0349,delivery,8
P0452,price,8
P0177,software,8
P0025,software,8
P0351,delivery,8
P0071,delivery,8
P0071,comfort,8
P0450,software,8
P0377,comfort,8
P0376,software,8
P0202,performance,8
P0144,price,8
P0376,delivery,8
P0417,performance,8
P0417,delivery,8
P0416,delivery,8
P0264,price,8
P0243,software,8
P0243,comfort,8
P0242,price,8
P0127,comfort,8
P0448,software,8
P0060,performance,8
P0060,comfort,8
P0115,delivery,8
P0354,price,8
P0352,software,8
P0352,price,8
P0446,comfort,8
P0358,software,8
P0357,software,8
P0356,delivery,8
P0443,comfort,8
P0442,delivery,8
P0030,software,8
P0182,comfort,8
P0180,delivery,8
P0179,software,8
P0304,price,8
P0303,price,8
P0150,delivery,8
P0238,price,8
P0237,comfort,8
P0422,delivery,8
P0420,software,8
P0420,comfort,8
P0039,software,8
P0039,delivery,8
P0205,comfort,8
P0362,software,8
P0362,comfort,8
P0361,price,8
P0360,software,8
P0065,price,8
P0297,performance,8
P0296,comfort,8
P0295,delivery,8
P0294,price,8
P0422,price,8
P0152,comfort,8
P0438,software,8
P0098,price,8
P0363,software,8
P0272,software,8
P0125,comfort,8
P0434,software,8
P0433,delivery,8
P0432,comfort,8
P0365,delivery,8
P0365,comfort,8
P0035,price,8
P0185,delivery,8
P0184,comfort,8
P0109,comfort,8
P0275,delivery,8
P0275,comfort,8
P0037,price,8
P0276,comfort,8
P0274,delivery,8
P0273,price,8
P0113,delivery,8
P0034,price,8
P0429,software,8
P0429,comfort,8
P0428,software,8
P0230,software,8
P0228,software,8
P0062,software,8
P0371,price,8
P0371,delivery,8
P0204,price,8
P0300,comfort,8
P0299,software,8
P0428,delivery,8
P0493,delivery,8
P0492,comfort,8
P0008,comfort,8
P0007,price,8
P0249,software,8
P0249,delivery,8
P0004,delivery,8
P0004,comfort,8
P0005,price,8
P0490,performance,7
P0001,price,7
P0251,software,7
P0003,performance,7
P0003,price,7
P0497,software,7
P0323,comfort,7
P0121,delivery,7
P0051,comfort,7
P0050,delivery,7
P0034,delivery,7
P0034,comfort,7
P0231,comfort,7
P0428,performance,7
P0009,comfort,7
P0090,comfort,7
P0233,comfort,7
P0398,delivery,7
P0326,software,7
P0084,delivery,7
P0483,price,7
P0482,comfort,7
P0167,delivery,7
P0166,price,7
P0164,price,7
P0164,delivery,7
P0183,price,7
P0276,price,7
P0111,comfort,7
P0109,software,7
P0109,price,7
P0425,price,7
P0425,comfort,7
P0274,price,7
P0255,software,7
P0048,comfort,7
P0293,comfort,7
P0147,price,7
P0401,delivery,7
P0433,price,7
P0366,comfort,7
P0064,price,7
P0302,comfort,7
P0301,software,7
P0234,software,7
P0234,price,7
P0329,price,7
P0327,comfort,7
P0320,software,7
P0478,software,7
P0478,delivery,7
P0476,price,7
P0476,performance,7
P0475,software,7
P0159,comfort,7
P0091,software,7
P0136,price,7
P0168,comfort,7
P0473,software,7
P0260,software,7
P0437,software,7
P0099,delivery,7
P0436,software,7
P0126,comfort,7
P0241,comfort,7
P0283,software,7
P0193,comfort,7
P0192,comfort,7
P0404,delivery,7
P0049,delivery,7
P0215,delivery,7
P0333,software,7
P0260,price,7
P0259,software,7
P0387,delivery,7
P0386,comfort,7
P0055,delivery,7
P0095,software,7
P0030,comfort,7
P0424,comfort,7
P0295,comfort,7
P0372,software,7
P0151,price,7
P0258,comfort,7
P0471,comfort,7
P0170,performance,7
P0168,software,7
P0467,price,7
P0466,software,7
P0335,price,7
P0217,price,7
P0270,price,7
P0210,comfort,7
P0209,software,7
P0129,comfort,7
P0278,delivery,7
P0376,comfort,7
P0314,delivery,7
P0236,software,7
P0385,performance,7
P0101,software,7
P0212,delivery,7
P0077,comfort,7
P0116,comfort,7
P0124,delivery,7
P0245,comfort,7
P0445,comfort,7
P0358,comfort,7
P0357,price,7
P0355,software,7
P0028,comfort,7
P0444,software,7
P0442,comfort,7
P0031,comfort,7
P0461,price,7
P0461,comfort,7
P0460,software,7
P0130,comfort,7
P0129,price,7
P0094,price,7
P0344,delivery,7
P0343,software,7
P0152,delivery,7
P0068,delivery,7
P0354,comfort,7
P0353,performance,7
P0353,comfort,7
P0114,software,7
P0266,price,7
P0156,price,7
P0155,software,7
P0174,price,7
P0346,delivery,7
P0075,delivery,7
P0223,price,7
P0312,software,7
P0457,software,7
P0241,price,7
P0449,comfort,7
P0059,price,7
P0299,comfort,7
P0023,price,7
P0263,software,7
P0263,delivery,7
P0379,comfort,7
P0057,software,7
P0057,comfort,7
P0411,price,7
P0044,comfort,7
P0043,comfort,7
P0096,software,7
P0107,comfort,7
P0414,price,7
P0413,price,7
P0199,delivery,7
P0227,comfort,7
P0451,price,7
P0450,delivery,7
P0449,price,7
P0202,software,7
P0418,comfort,7
P0416,software,7
P0265,comfort,7
P0264,software,7
P0211,delivery,7
P0211,comfort,7
P0178,delivery,7
P0177,comfort,7
P0176,delivery,7
P0071,price,7
P0133,price,7
P0287,software,7
P0392,delivery,7
P0391,delivery,7
P0121,comfort,7
P0221,software,7
P0221,price,7
P0221,delivery,7
P0323,software,7
P0493,software,7
P0159,price,7
P0496,delivery,7
P0490,price,7
P0322,comfort,7
P0250,price,7
P0087,comfort,6
P0001,delivery,6
P0248,software,6
P0113,comfort,6
P0430,price,6
P0348,comfort,6
P0368,price,6
P0368,delivery,6
P0300,software,6
P0500,software,6
P0427,software,6
P0248,delivery,6
P0376,price,6
P0243,delivery,6
P0281,software,6
P0410,comfort,6
P0307,delivery,6
P0413,delivery,6
P0070,software,6
P0072,delivery,6
P0026,delivery,6
P0232,comfort,6
P0311,comfort,6
P0443,delivery,6
P0458,price,6
P0344,software,6
P0021,comfort,6
P0069,comfort,6
P0454,performance,6
P0278,software,6
P0107,delivery,6
P0267,price,6
P0375,software,6
P0268,comfort,6
P0457,comfort,6
P0311,software,6
P0415,comfort,6
P0147,comfort,6
P0484,price,6
P0456,software,6
P0379,price,6
P0418,price,6
P0374,delivery,6
P0213,comfort,6
P0354,software,6
P0480,price,6
P0481,comfort,6
P0165,delivery,6
P0164,software,6
P0166,delivery,6
P0088,software,6
P0395,software,6
P0195,delivery,6
P0355,delivery,6
P0156,comfort,6
P0189,comfort,6
P0186,software,6
P0460,price,6
P0351,price,6
P0269,delivery,6
P0259,comfort,6
P0285,comfort,6
P0106,comfort,6
P0105,software,6
P0055,price,6
P0081,delivery,6
P0383,price,6
P0427,comfort,6
P0424,delivery,6
P0129,delivery,6
P0237,price,6
P0313,price,6
P0209,price,6
P0127,software,6
P0479,delivery,6
P0382,price,6
P0463,delivery,6
P0173,price,6
P0171,price,6
P0225,delivery,6
P0405,software,6
P0406,comfort,6
P0406,delivery,6
P0131,delivery,6
P0149,delivery,6
P0007,comfort,6
P0492,price,6
P0007,delivery,6
P0219,price,6
P0498,price,6
P0288,price,6
P0323,delivery,6
P0050,comfort,6
P0284,comfort,6
P0151,delivery,6
P0137,performance,6
P0002,delivery,6
P0167,software,6
P0102,software,6
P0290,delivery,6
P0079,software,6
P0433,comfort,6
P0431,performance,6
P0366,delivery,6
P0065,comfort,6
P0364,software,6
P0431,delivery,6
P0222,comfort,6
P0328,software,6
P0082,delivery,6
P0191,software,6
P0169,delivery,6
P0017,comfort,6
P0171,delivery,6
P0423,price,6
P0029,comfort,6
P0291,delivery,6
P0097,price,6
P0104,software,6
P0216,performance,6
P0216,delivery,6
P0317,price,6
P0489,delivery,6
P0486,price,6
P0124,software,6
P0231,delivery,6
P0196,delivery,6
P0486,comfort,6
P0197,software,6
P0102,price,6
P0437,delivery,6
P0273,comfort,6
P0436,price,6
P0047,software,6
P0433,software,6
P0434,comfort,6
P0070,delivery,5
P0040,software,5
P0201,comfort,5
P0416,comfort,5
P0210,price,5
P0203,price,5
P0111,price,5
P0175,delivery,5
P0133,delivery,5
P0200,price,5
P0448,price,5
P0189,delivery,5
P0398,comfort,5
P0381,comfort,5
P0231,price,5
P0357,delivery,5
P0358,price,5
P0445,software,5
P0174,software,5
P0377,price,5
P0377,software,5
P0326,delivery,5
P0108,software,5
P0454,delivery,5
P0415,software,5
P0153,comfort,5
P0294,software,5
P0052,comfort,5
P0295,software,5
P0462,delivery,5
P0172,delivery,5
P0185,price,5
P0078,comfort,5
P0342,delivery,5
P0343,comfort,5
P0226,delivery,5
P0172,performance,5
P0208,price,5
P0277,delivery,5
P0359,software,5
P0258,software,5
P0338,software,5
P0224,delivery,5
P0276,delivery,5
P0425,software,5
P0095,delivery,5
P0217,comfort,5
P0217,delivery,5
P0216,comfort,5
P0423,comfort,5
P0467,delivery,5
P0268,price,5
P0257,delivery,5
P0405,delivery,5
P0206,price,5
P0206,comfort,5
P0205,delivery,5
P0404,software,5
P0193,price,5
P0399,comfort,5
P0206,software,5
P0477,price,5
P0255,delivery,5
P0120,comfort,5
P0118,software,5
P0183,software,5
P0329,comfort,5
P0240,price,5
P0080,price,5
P0195,software,5
P0005,software,5
P0081,comfort,5
P0254,software,5
P0325,comfort,5
P0493,price,5
P0496,price,5
P0003,software,5
P0249,price,4
P0006,delivery,4
P0394,comfort,4
P0197,delivery,4
P0120,delivery,4
P0014,price,4
P0399,delivery,4
P0365,price,4
P0193,software,4
P0240,software,4
P0399,software,4
P0193,delivery,4
P0169,price,4
P0440,delivery,4
P0297,price,4
P0170,price,4
P0151,comfort,4
P0040,comfort,4
P0303,delivery,4
P0293,software,4
P0081,software,4
P0054,delivery,4
P0294,delivery,4
P0277,software,4
P0067,delivery,4
P0166,software,4
P0345,price,4
P0446,price,4
P0445,delivery,4
P0357,comfort,4
P0069,delivery,4
P0143,price,4
P0495,delivery,4
P0494,comfort,4
P0427,price,4
P0411,software,4
P0349,price,4
P0140,price,4
P0248,price,4
P0352,comfort,4
P0232,price,4
P0419,delivery,4
P0325,software,4
P0131,price,4
P0039,comfort,4
P0409,delivery,4
P0455,software,4
P0267,delivery,4
P0088,delivery,4
P0034,software,4
P0247,comfort,4
P0245,software,3
P0330,comfort,3
P0389,price,3
P0426,delivery,3
P0426,price,3
P0201,price,3
P0368,comfort,3
P0263,comfort,3
P0218,software,2
P0374,price,2
P0004,software,2
P0461,software,2
P0031,delivery,1
