product_id,review_count,average_rating,Negative,Neutral,Positive,positive_percentage,neutral_percentage,negative_percentage,review_health_score,product_name,category,review_category
P0372,114,3.84,15,25,74,64.91,21.93,13.16,51.75,Smart Watch 372,Watches,Good
P0362,81,3.73,12,16,53,65.43,19.75,14.81,50.62,Bluetooth Speaker 362,Audio,Good
P0346,83,3.72,12,20,51,61.45,24.1,14.46,46.99,Smart Ring 346,Wearables,Good
P0217,79,3.72,7,22,50,63.29,27.85,8.86,54.43,Fitness Watch 217,Watches,Good
P0494,114,3.71,18,33,63,55.26,28.95,15.79,39.47,Fitness Watch 494,Watches,Good
P0031,99,3.71,17,23,59,59.6,23.23,17.17,42.42,Fitness Band 31,Wearables,Good
P0410,103,3.69,17,24,62,60.19,23.3,16.5,43.69,Analog Watch 410,Watches,Good
P0436,77,3.68,13,16,48,62.34,20.78,16.88,45.45,Wireless Earbuds 436,Audio,Good
P0348,96,3.68,14,26,56,58.33,27.08,14.58,43.75,Analog Watch 348,Watches,Good
P0373,95,3.68,14,20,61,64.21,21.05,14.74,49.47,Smartphone 373,Mobile,Good
P0257,115,3.68,18,33,64,55.65,28.7,15.65,40.0,Analog Watch 257,Watches,Good
P0063,87,3.67,11,25,51,58.62,28.74,12.64,45.98,Fitness Band 63,Wearables,Good
P0451,94,3.67,18,22,54,57.45,23.4,19.15,38.3,Bluetooth Speaker 451,Audio,Good
P0452,98,3.67,15,24,59,60.2,24.49,15.31,44.9,Bluetooth Speaker 452,Audio,Good
P0390,85,3.67,11,24,50,58.82,28.24,12.94,45.88,Smart Light 390,Home Appliances,Good
P0024,92,3.67,14,24,54,58.7,26.09,15.22,43.48,Fitness Band 24,Wearables,Good
P0052,96,3.66,17,22,57,59.38,22.92,17.71,41.67,Bluetooth Speaker 52,Audio,Good
P0139,92,3.66,11,24,57,61.96,26.09,11.96,50.0,Analog Watch 139,Watches,Good
P0434,89,3.66,13,25,51,57.3,28.09,14.61,42.7,Analog Watch 434,Watches,Good
P0386,95,3.66,18,13,64,67.37,13.68,18.95,48.42,Smart Fan 386,Home Appliances,Good
P0076,102,3.66,16,30,56,54.9,29.41,15.69,39.22,Smart Fan 76,Home Appliances,Good
P0087,113,3.65,17,31,65,57.52,27.43,15.04,42.48,Tablet 87,Mobile,Good
P0298,85,3.65,12,23,50,58.82,27.06,14.12,44.71,Smartphone 298,Mobile,Good
P0155,112,3.65,19,28,65,58.04,25.0,16.96,41.07,Tablet 155,Mobile,Good
P0146,93,3.65,12,33,48,51.61,35.48,12.9,38.71,Air Purifier 146,Home Appliances,Good
P0408,97,3.65,15,27,55,56.7,27.84,15.46,41.24,Smartphone 408,Mobile,Good
P0426,90,3.64,16,20,54,60.0,22.22,17.78,42.22,Headphones 426,Audio,Good
P0084,95,3.63,18,20,57,60.0,21.05,18.95,41.05,Fitness Band 84,Wearables,Good
P0232,75,3.63,9,24,42,56.0,32.0,12.0,44.0,Smart Ring 232,Wearables,Good
P0456,91,3.63,13,26,52,57.14,28.57,14.29,42.86,Bluetooth Speaker 456,Audio,Good
P0469,108,3.63,22,19,67,62.04,17.59,20.37,41.67,Smart Ring 469,Wearables,Good
P0422,114,3.63,17,35,62,54.39,30.7,14.91,39.47,Tablet 422,Mobile,Good
P0415,102,3.62,22,18,62,60.78,17.65,21.57,39.22,Fitness Band 415,Wearables,Good
P0133,104,3.62,16,24,64,61.54,23.08,15.38,46.15,Wireless Earbuds 133,Audio,Good
P0085,115,3.62,24,23,68,59.13,20.0,20.87,38.26,Fitness Band 85,Wearables,Good
P0180,81,3.62,16,17,48,59.26,20.99,19.75,39.51,Smart Light 180,Home Appliances,Good
P0216,99,3.61,18,25,56,56.57,25.25,18.18,38.38,Headphones 216,Audio,Good
P0479,89,3.61,16,26,47,52.81,29.21,17.98,34.83,Fitness Watch 479,Watches,Good
P0265,103,3.61,15,26,62,60.19,25.24,14.56,45.63,Smart Fan 265,Home Appliances,Good
P0357,88,3.61,12,29,47,53.41,32.95,13.64,39.77,Tablet 357,Mobile,Good
P0109,98,3.61,16,24,58,59.18,24.49,16.33,42.86,Smart Fan 109,Home Appliances,Good
P0326,93,3.61,14,24,55,59.14,25.81,15.05,44.09,Smart Watch 326,Watches,Good
P0409,93,3.6,19,18,56,60.22,19.35,20.43,39.78,Analog Watch 409,Watches,Good
P0423,96,3.6,18,25,53,55.21,26.04,18.75,36.46,Air Purifier 423,Home Appliances,Good
P0027,113,3.6,19,27,67,59.29,23.89,16.81,42.48,Smart Ring 27,Wearables,Good
P0368,84,3.6,18,19,47,55.95,22.62,21.43,34.52,Headphones 368,Audio,Good
P0254,102,3.6,19,25,58,56.86,24.51,18.63,38.24,Tablet 254,Mobile,Good
P0288,111,3.6,22,27,62,55.86,24.32,19.82,36.04,Smart Ring 288,Wearables,Good
P0253,93,3.6,19,20,54,58.06,21.51,20.43,37.63,Bluetooth Speaker 253,Audio,Good
P0486,91,3.6,19,21,51,56.04,23.08,20.88,35.16,Tablet 486,Mobile,Good
P0186,98,3.6,14,27,57,58.16,27.55,14.29,43.88,Smart Ring 186,Wearables,Good
P0039,102,3.6,18,28,56,54.9,27.45,17.65,37.25,Bluetooth Speaker 39,Audio,Good
P0004,106,3.59,20,23,63,59.43,21.7,18.87,40.57,Headphones 4,Audio,Good
P0080,97,3.59,18,22,57,58.76,22.68,18.56,40.21,Wireless Earbuds 80,Audio,Good
P0081,98,3.59,18,24,56,57.14,24.49,18.37,38.78,Headphones 81,Audio,Good
P0209,106,3.59,20,26,60,56.6,24.53,18.87,37.74,Wireless Earbuds 209,Audio,Good
P0218,94,3.59,13,28,53,56.38,29.79,13.83,42.55,Tablet 218,Mobile,Good
P0172,102,3.59,24,18,60,58.82,17.65,23.53,35.29,Air Purifier 172,Home Appliances,Good
P0016,98,3.59,22,16,60,61.22,16.33,22.45,38.78,Air Purifier 16,Home Appliances,Good
P0440,99,3.59,25,18,56,56.57,18.18,25.25,31.31,Fitness Band 440,Wearables,Good
P0156,103,3.59,16,31,56,54.37,30.1,15.53,38.83,Wireless Earbuds 156,Audio,Good
P0403,93,3.59,17,24,52,55.91,25.81,18.28,37.63,Smart Watch 403,Watches,Good
P0446,104,3.59,20,25,59,56.73,24.04,19.23,37.5,Tablet 446,Mobile,Good
P0263,119,3.59,22,29,68,57.14,24.37,18.49,38.66,Smart Light 263,Home Appliances,Good
P0285,100,3.59,17,28,55,55.0,28.0,17.0,38.0,Smart Light 285,Home Appliances,Good
P0094,85,3.59,13,26,46,54.12,30.59,15.29,38.82,Smart Ring 94,Wearables,Good
P0223,95,3.58,13,34,48,50.53,35.79,13.68,36.84,Smartphone 223,Mobile,Good
P0023,101,3.58,14,34,53,52.48,33.66,13.86,38.61,Air Purifier 23,Home Appliances,Good
P0135,116,3.58,22,28,66,56.9,24.14,18.97,37.93,Smart Watch 135,Watches,Good
P0178,92,3.58,16,19,57,61.96,20.65,17.39,44.57,Fitness Watch 178,Watches,Good
P0375,89,3.58,23,14,52,58.43,15.73,25.84,32.58,Headphones 375,Audio,Good
P0333,108,3.58,16,30,62,57.41,27.78,14.81,42.59,Smart Light 333,Home Appliances,Good
P0354,107,3.57,20,26,61,57.01,24.3,18.69,38.32,Smartphone 354,Mobile,Good
P0068,94,3.57,17,24,53,56.38,25.53,18.09,38.3,Headphones 68,Audio,Good
P0116,92,3.57,14,27,51,55.43,29.35,15.22,40.22,Smart Fan 116,Home Appliances,Good
P0347,93,3.57,18,26,49,52.69,27.96,19.35,33.33,Smartphone 347,Mobile,Good
P0396,104,3.57,19,28,57,54.81,26.92,18.27,36.54,Fitness Watch 396,Watches,Good
P0490,81,3.57,16,19,46,56.79,23.46,19.75,37.04,Smart Light 490,Home Appliances,Good
P0432,110,3.57,21,26,63,57.27,23.64,19.09,38.18,Air Purifier 432,Home Appliances,Good
P0056,111,3.57,19,31,61,54.95,27.93,17.12,37.84,Analog Watch 56,Watches,Good
P0424,95,3.57,19,18,58,61.05,18.95,20.0,41.05,Smart Ring 424,Wearables,Good
P0455,103,3.57,19,28,56,54.37,27.18,18.45,35.92,Fitness Band 455,Wearables,Good
P0245,94,3.57,12,34,48,51.06,36.17,12.77,38.3,Smart Ring 245,Wearables,Good
P0221,114,3.57,25,27,62,54.39,23.68,21.93,32.46,Tablet 221,Mobile,Good
P0462,93,3.56,20,21,52,55.91,22.58,21.51,34.41,Smart Ring 462,Wearables,Good
P0045,102,3.56,20,30,52,50.98,29.41,19.61,31.37,Smart Ring 45,Wearables,Good
P0199,108,3.56,21,26,61,56.48,24.07,19.44,37.04,Smart Ring 199,Wearables,Good
P0125,101,3.56,24,21,56,55.45,20.79,23.76,31.68,Air Purifier 125,Home Appliances,Good
P0173,98,3.56,21,23,54,55.1,23.47,21.43,33.67,Smartphone 173,Mobile,Good
P0228,90,3.56,16,26,48,53.33,28.89,17.78,35.56,Fitness Watch 228,Watches,Good
P0339,114,3.56,22,26,66,57.89,22.81,19.3,38.6,Wireless Earbuds 339,Audio,Good
P0096,115,3.56,24,25,66,57.39,21.74,20.87,36.52,Smart Watch 96,Watches,Good
P0363,95,3.56,18,26,51,53.68,27.37,18.95,34.74,Tablet 363,Mobile,Good
P0271,107,3.56,15,34,58,54.21,31.78,14.02,40.19,Tablet 271,Mobile,Good
P0243,85,3.56,14,24,47,55.29,28.24,16.47,38.82,Bluetooth Speaker 243,Audio,Good
P0277,103,3.55,19,31,53,51.46,30.1,18.45,33.01,Smartphone 277,Mobile,Good
P0012,96,3.55,18,26,52,54.17,27.08,18.75,35.42,Fitness Band 12,Wearables,Good
P0244,98,3.55,21,20,57,58.16,20.41,21.43,36.73,Air Purifier 244,Home Appliances,Good
P0111,110,3.55,20,27,63,57.27,24.55,18.18,39.09,Smartphone 111,Mobile,Good
P0270,103,3.55,14,31,58,56.31,30.1,13.59,42.72,Smart Watch 270,Watches,Good
P0192,86,3.55,17,21,48,55.81,24.42,19.77,36.05,Bluetooth Speaker 192,Audio,Good
P0342,103,3.55,19,27,57,55.34,26.21,18.45,36.89,Smartphone 342,Mobile,Good
P0369,101,3.55,18,29,54,53.47,28.71,17.82,35.64,Air Purifier 369,Home Appliances,Good
P0324,119,3.55,20,34,65,54.62,28.57,16.81,37.82,Air Purifier 324,Home Appliances,Good
P0003,100,3.54,22,25,53,53.0,25.0,22.0,31.0,Smart Light 3,Home Appliances,Good
P0095,99,3.54,20,22,57,57.58,22.22,20.2,37.37,Analog Watch 95,Watches,Good
P0427,83,3.54,12,31,40,48.19,37.35,14.46,33.73,Analog Watch 427,Watches,Good
P0059,107,3.54,21,29,57,53.27,27.1,19.63,33.64,Air Purifier 59,Home Appliances,Good
P0405,125,3.54,24,30,71,56.8,24.0,19.2,37.6,Air Purifier 405,Home Appliances,Good
P0365,112,3.54,20,31,61,54.46,27.68,17.86,36.61,Smart Ring 365,Wearables,Good
P0121,98,3.54,18,25,55,56.12,25.51,18.37,37.76,Fitness Band 121,Wearables,Good
P0224,85,3.54,12,27,46,54.12,31.76,14.12,40.0,Air Purifier 224,Home Appliances,Good
P0110,111,3.54,21,33,57,51.35,29.73,18.92,32.43,Smart Ring 110,Wearables,Good
P0123,110,3.53,19,32,59,53.64,29.09,17.27,36.36,Smart Watch 123,Watches,Good
P0491,100,3.53,18,27,55,55.0,27.0,18.0,37.0,Tablet 491,Mobile,Good
P0001,97,3.53,19,30,48,49.48,30.93,19.59,29.9,Smart Watch 1,Watches,Mixed
P0200,91,3.53,17,22,52,57.14,24.18,18.68,38.46,Bluetooth Speaker 200,Audio,Good
P0417,89,3.53,16,26,47,52.81,29.21,17.98,34.83,Smart Light 417,Home Appliances,Good
P0038,94,3.53,17,25,52,55.32,26.6,18.09,37.23,Tablet 38,Mobile,Good
P0066,88,3.53,18,21,49,55.68,23.86,20.45,35.23,Smart Fan 66,Home Appliances,Good
P0332,93,3.53,17,28,48,51.61,30.11,18.28,33.33,Smart Watch 332,Watches,Good
P0492,105,3.53,21,24,60,57.14,22.86,20.0,37.14,Smart Ring 492,Wearables,Good
P0166,109,3.53,22,32,55,50.46,29.36,20.18,30.28,Smart Ring 166,Wearables,Good
P0025,95,3.52,19,27,49,51.58,28.42,20.0,31.58,Smart Watch 25,Watches,Good
P0049,94,3.52,24,14,56,59.57,14.89,25.53,34.04,Smart Fan 49,Home Appliances,Good
P0093,122,3.52,23,34,65,53.28,27.87,18.85,34.43,Tablet 93,Mobile,Good
P0370,94,3.52,21,23,50,53.19,24.47,22.34,30.85,Tablet 370,Mobile,Good
P0034,93,3.52,17,25,51,54.84,26.88,18.28,36.56,Bluetooth Speaker 34,Audio,Good
P0099,117,3.52,22,29,66,56.41,24.79,18.8,37.61,Bluetooth Speaker 99,Audio,Good
P0128,80,3.52,13,26,41,51.25,32.5,16.25,35.0,Smart Light 128,Home Appliances,Good
P0312,125,3.52,28,28,69,55.2,22.4,22.4,32.8,Smart Watch 312,Watches,Good
P0280,116,3.52,21,36,59,50.86,31.03,18.1,32.76,Smartphone 280,Mobile,Good
P0130,96,3.52,19,24,53,55.21,25.0,19.79,35.42,Fitness Band 130,Wearables,Good
P0203,95,3.52,20,22,53,55.79,23.16,21.05,34.74,Smart Light 203,Home Appliances,Good
P0131,102,3.52,24,21,57,55.88,20.59,23.53,32.35,Smartphone 131,Mobile,Good
P0132,122,3.52,25,26,71,58.2,21.31,20.49,37.7,Fitness Band 132,Wearables,Good
P0208,91,3.52,15,24,52,57.14,26.37,16.48,40.66,Fitness Watch 208,Watches,Good
P0002,110,3.51,24,27,59,53.64,24.55,21.82,31.82,Smart Watch 2,Watches,Good
P0165,98,3.51,19,27,52,53.06,27.55,19.39,33.67,Bluetooth Speaker 165,Audio,Good
P0169,95,3.51,23,23,49,51.58,24.21,24.21,27.37,Analog Watch 169,Watches,Mixed
P0464,80,3.51,17,18,45,56.25,22.5,21.25,35.0,Smart Light 464,Home Appliances,Good
P0196,96,3.51,20,19,57,59.38,19.79,20.83,38.54,Smart Ring 196,Wearables,Good
P0043,94,3.51,17,28,49,52.13,29.79,18.09,34.04,Tablet 43,Mobile,Good
P0350,90,3.51,18,23,49,54.44,25.56,20.0,34.44,Analog Watch 350,Watches,Good
P0360,88,3.51,16,23,49,55.68,26.14,18.18,37.5,Analog Watch 360,Watches,Good
P0251,108,3.51,20,32,56,51.85,29.63,18.52,33.33,Fitness Band 251,Wearables,Good
P0029,105,3.51,21,26,58,55.24,24.76,20.0,35.24,Smart Light 29,Home Appliances,Good
P0295,114,3.51,17,36,61,53.51,31.58,14.91,38.6,Smart Ring 295,Wearables,Good
P0331,104,3.51,15,39,50,48.08,37.5,14.42,33.65,Smart Ring 331,Wearables,Good
P0072,110,3.51,21,28,61,55.45,25.45,19.09,36.36,Smart Light 72,Home Appliances,Good
P0286,107,3.51,22,25,60,56.07,23.36,20.56,35.51,Fitness Band 286,Wearables,Good
P0398,75,3.51,15,20,40,53.33,26.67,20.0,33.33,Wireless Earbuds 398,Audio,Good
P0230,93,3.51,18,24,51,54.84,25.81,19.35,35.48,Smart Watch 230,Watches,Good
P0371,97,3.51,20,24,53,54.64,24.74,20.62,34.02,Wireless Earbuds 371,Audio,Good
P0378,103,3.5,17,32,54,52.43,31.07,16.5,35.92,Tablet 378,Mobile,Good
P0182,108,3.5,23,26,59,54.63,24.07,21.3,33.33,Fitness Band 182,Wearables,Good
P0246,105,3.5,18,29,58,55.24,27.62,17.14,38.1,Fitness Watch 246,Watches,Good
P0231,107,3.5,21,29,57,53.27,27.1,19.63,33.64,Smartphone 231,Mobile,Good
P0057,109,3.5,20,29,60,55.05,26.61,18.35,36.7,Headphones 57,Audio,Good
P0050,101,3.5,21,28,52,51.49,27.72,20.79,30.69,Analog Watch 50,Watches,Good
P0013,78,3.5,20,12,46,58.97,15.38,25.64,33.33,Smart Ring 13,Wearables,Good
P0356,98,3.5,21,26,51,52.04,26.53,21.43,30.61,Air Purifier 356,Home Appliances,Good
P0102,101,3.5,18,28,55,54.46,27.72,17.82,36.63,Smart Light 102,Home Appliances,Good
P0069,105,3.5,25,22,58,55.24,20.95,23.81,31.43,Headphones 69,Audio,Good
P0336,104,3.5,21,26,57,54.81,25.0,20.19,34.62,Tablet 336,Mobile,Good
P0070,119,3.5,19,37,63,52.94,31.09,15.97,36.97,Smart Watch 70,Watches,Good
P0092,112,3.5,26,28,58,51.79,25.0,23.21,28.57,Fitness Band 92,Wearables,Mixed
P0291,101,3.49,20,28,53,52.48,27.72,19.8,32.67,Wireless Earbuds 291,Audio,Good
P0167,86,3.49,13,28,45,52.33,32.56,15.12,37.21,Fitness Watch 167,Watches,Good
P0162,95,3.49,17,27,51,53.68,28.42,17.89,35.79,Smart Light 162,Home Appliances,Good
P0195,93,3.49,22,21,50,53.76,22.58,23.66,30.11,Fitness Band 195,Wearables,Good
P0448,102,3.49,17,35,50,49.02,34.31,16.67,32.35,Smart Fan 448,Home Appliances,Good
P0383,104,3.49,22,26,56,53.85,25.0,21.15,32.69,Smart Ring 383,Wearables,Good
P0330,108,3.49,23,23,62,57.41,21.3,21.3,36.11,Smart Watch 330,Watches,Good
P0287,103,3.49,19,36,48,46.6,34.95,18.45,28.16,Analog Watch 287,Watches,Mixed
P0114,103,3.49,18,28,57,55.34,27.18,17.48,37.86,Smart Light 114,Home Appliances,Good
P0266,104,3.49,20,34,50,48.08,32.69,19.23,28.85,Headphones 266,Audio,Mixed
P0127,91,3.48,22,20,49,53.85,21.98,24.18,29.67,Smartphone 127,Mobile,Mixed
P0120,99,3.48,15,32,52,52.53,32.32,15.15,37.37,Smart Light 120,Home Appliances,Good
P0392,99,3.48,22,22,55,55.56,22.22,22.22,33.33,Wireless Earbuds 392,Audio,Good
P0198,97,3.48,23,23,51,52.58,23.71,23.71,28.87,Smart Ring 198,Wearables,Mixed
P0142,120,3.48,23,33,64,53.33,27.5,19.17,34.17,Smart Fan 142,Home Appliances,Good
P0138,107,3.48,19,36,52,48.6,33.64,17.76,30.84,Smart Fan 138,Home Appliances,Good
P0458,92,3.48,18,26,48,52.17,28.26,19.57,32.61,Headphones 458,Audio,Good
P0170,103,3.48,20,27,56,54.37,26.21,19.42,34.95,Tablet 170,Mobile,Good
P0175,94,3.48,18,25,51,54.26,26.6,19.15,35.11,Fitness Band 175,Wearables,Good
P0151,80,3.48,13,26,41,51.25,32.5,16.25,35.0,Smart Ring 151,Wearables,Good
P0463,102,3.48,21,32,49,48.04,31.37,20.59,27.45,Air Purifier 463,Home Appliances,Mixed
P0275,88,3.48,20,23,45,51.14,26.14,22.73,28.41,Tablet 275,Mobile,Mixed
P0211,110,3.48,23,30,57,51.82,27.27,20.91,30.91,Air Purifier 211,Home Appliances,Good
P0030,108,3.48,22,29,57,52.78,26.85,20.37,32.41,Tablet 30,Mobile,Good
P0484,106,3.48,26,21,59,55.66,19.81,24.53,31.13,Bluetooth Speaker 484,Audio,Good
P0367,96,3.48,17,29,50,52.08,30.21,17.71,34.38,Smart Fan 367,Home Appliances,Good
P0315,111,3.48,26,29,56,50.45,26.13,23.42,27.03,Bluetooth Speaker 315,Audio,Mixed
P0359,95,3.48,20,25,50,52.63,26.32,21.05,31.58,Smart Light 359,Home Appliances,Good
P0161,100,3.47,20,25,55,55.0,25.0,20.0,35.0,Smartphone 161,Mobile,Good
P0014,107,3.47,26,24,57,53.27,22.43,24.3,28.97,Fitness Band 14,Wearables,Mixed
P0305,113,3.47,22,34,57,50.44,30.09,19.47,30.97,Fitness Band 305,Wearables,Good
P0185,92,3.47,23,20,49,53.26,21.74,25.0,28.26,Smart Ring 185,Wearables,Mixed
P0144,100,3.47,24,21,55,55.0,21.0,24.0,31.0,Smart Fan 144,Home Appliances,Good
P0414,92,3.47,19,29,44,47.83,31.52,20.65,27.17,Wireless Earbuds 414,Audio,Mixed
P0278,88,3.47,18,27,43,48.86,30.68,20.45,28.41,Tablet 278,Mobile,Mixed
P0071,83,3.47,17,20,46,55.42,24.1,20.48,34.94,Smart Watch 71,Watches,Good
P0015,96,3.47,13,36,47,48.96,37.5,13.54,35.42,Smart Ring 15,Wearables,Good
P0149,100,3.47,19,26,55,55.0,26.0,19.0,36.0,Fitness Watch 149,Watches,Good
P0117,112,3.47,27,22,63,56.25,19.64,24.11,32.14,Smartphone 117,Mobile,Good
P0358,96,3.47,22,27,47,48.96,28.12,22.92,26.04,Bluetooth Speaker 358,Audio,Mixed
P0391,97,3.47,21,27,49,50.52,27.84,21.65,28.87,Smart Light 391,Home Appliances,Mixed
P0400,90,3.47,18,25,47,52.22,27.78,20.0,32.22,Analog Watch 400,Watches,Good
P0242,110,3.47,25,26,59,53.64,23.64,22.73,30.91,Smart Light 242,Home Appliances,Good
P0259,92,3.47,18,27,47,51.09,29.35,19.57,31.52,Smart Fan 259,Home Appliances,Good
P0247,88,3.47,20,18,50,56.82,20.45,22.73,34.09,Bluetooth Speaker 247,Audio,Good
P0474,104,3.47,21,29,54,51.92,27.88,20.19,31.73,Bluetooth Speaker 474,Audio,Good
P0309,118,3.47,27,25,66,55.93,21.19,22.88,33.05,Fitness Band 309,Wearables,Good
P0304,106,3.47,20,32,54,50.94,30.19,18.87,32.08,Bluetooth Speaker 304,Audio,Good
P0078,86,3.47,19,24,43,50.0,27.91,22.09,27.91,Smart Ring 78,Wearables,Mixed
P0158,107,3.46,20,37,50,46.73,34.58,18.69,28.04,Smartphone 158,Mobile,Mixed
P0044,91,3.46,20,24,47,51.65,26.37,21.98,29.67,Fitness Band 44,Wearables,Mixed
P0035,101,3.46,21,29,51,50.5,28.71,20.79,29.7,Smartphone 35,Mobile,Mixed
P0152,92,3.46,19,25,48,52.17,27.17,20.65,31.52,Wireless Earbuds 152,Audio,Good
P0019,101,3.46,24,25,52,51.49,24.75,23.76,27.72,Fitness Watch 19,Watches,Mixed
P0340,91,3.46,21,20,50,54.95,21.98,23.08,31.87,Fitness Band 340,Wearables,Good
P0387,103,3.46,21,25,57,55.34,24.27,20.39,34.95,Fitness Band 387,Wearables,Good
P0010,96,3.46,23,24,49,51.04,25.0,23.96,27.08,Smart Light 10,Home Appliances,Mixed
P0022,105,3.46,22,33,50,47.62,31.43,20.95,26.67,Analog Watch 22,Watches,Mixed
P0241,96,3.46,19,27,50,52.08,28.12,19.79,32.29,Wireless Earbuds 241,Audio,Good
P0389,103,3.46,22,27,54,52.43,26.21,21.36,31.07,Fitness Watch 389,Watches,Good
P0450,90,3.46,16,28,46,51.11,31.11,17.78,33.33,Fitness Band 450,Wearables,Good
P0268,112,3.46,22,30,60,53.57,26.79,19.64,33.93,Fitness Band 268,Wearables,Good
P0227,101,3.46,25,29,47,46.53,28.71,24.75,21.78,Smart Ring 227,Wearables,Mixed
P0229,87,3.46,14,31,42,48.28,35.63,16.09,32.18,Smart Light 229,Home Appliances,Good
P0061,112,3.46,24,33,55,49.11,29.46,21.43,27.68,Wireless Earbuds 61,Audio,Mixed
P0307,112,3.45,20,35,57,50.89,31.25,17.86,33.04,Smartphone 307,Mobile,Good
P0009,107,3.45,21,33,53,49.53,30.84,19.63,29.91,Wireless Earbuds 9,Audio,Mixed
P0222,104,3.45,17,38,49,47.12,36.54,16.35,30.77,Air Purifier 222,Home Appliances,Good
P0311,82,3.45,20,16,46,56.1,19.51,24.39,31.71,Smart Light 311,Home Appliances,Good
P0352,106,3.45,19,32,55,51.89,30.19,17.92,33.96,Smart Ring 352,Wearables,Good
P0443,104,3.45,18,36,50,48.08,34.62,17.31,30.77,Wireless Earbuds 443,Audio,Good
P0431,88,3.45,18,25,45,51.14,28.41,20.45,30.68,Bluetooth Speaker 431,Audio,Good
P0171,108,3.45,20,37,51,47.22,34.26,18.52,28.7,Smart Watch 171,Watches,Mixed
P0439,93,3.45,19,23,51,54.84,24.73,20.43,34.41,Smartphone 439,Mobile,Good
P0129,94,3.45,18,31,45,47.87,32.98,19.15,28.72,Air Purifier 129,Home Appliances,Mixed
P0497,77,3.45,21,12,44,57.14,15.58,27.27,29.87,Smart Ring 497,Wearables,Mixed
P0349,108,3.45,21,36,51,47.22,33.33,19.44,27.78,Smart Fan 349,Home Appliances,Mixed
P0293,113,3.45,29,23,61,53.98,20.35,25.66,28.32,Smart Fan 293,Home Appliances,Mixed
P0366,101,3.45,25,25,51,50.5,24.75,24.75,25.74,Air Purifier 366,Home Appliances,Mixed
P0225,97,3.45,25,21,51,52.58,21.65,25.77,26.8,Smart Fan 225,Home Appliances,Mixed
P0233,97,3.45,24,18,55,56.7,18.56,24.74,31.96,Air Purifier 233,Home Appliances,Good
P0420,108,3.45,20,34,54,50.0,31.48,18.52,31.48,Smart Ring 420,Wearables,Good
P0026,106,3.44,21,31,54,50.94,29.25,19.81,31.13,Headphones 26,Audio,Good
P0467,89,3.44,23,24,42,47.19,26.97,25.84,21.35,Air Purifier 467,Home Appliances,Mixed
P0008,95,3.44,17,35,43,45.26,36.84,17.89,27.37,Headphones 8,Audio,Mixed
P0279,108,3.44,26,27,55,50.93,25.0,24.07,26.85,Tablet 279,Mobile,Mixed
P0249,91,3.44,15,34,42,46.15,37.36,16.48,29.67,Smart Light 249,Home Appliances,Mixed
P0250,87,3.44,19,21,47,54.02,24.14,21.84,32.18,Fitness Band 250,Wearables,Good
P0236,97,3.44,24,23,50,51.55,23.71,24.74,26.8,Fitness Band 236,Wearables,Mixed
P0126,102,3.44,22,27,53,51.96,26.47,21.57,30.39,Tablet 126,Mobile,Good
P0064,94,3.44,25,24,45,47.87,25.53,26.6,21.28,Fitness Band 64,Wearables,Mixed
P0404,94,3.44,21,23,50,53.19,24.47,22.34,30.85,Bluetooth Speaker 404,Audio,Good
P0174,106,3.44,25,31,50,47.17,29.25,23.58,23.58,Tablet 174,Mobile,Mixed
P0086,117,3.44,25,30,62,52.99,25.64,21.37,31.62,Analog Watch 86,Watches,Good
P0188,114,3.44,24,31,59,51.75,27.19,21.05,30.7,Headphones 188,Audio,Good
P0202,101,3.44,23,29,49,48.51,28.71,22.77,25.74,Fitness Watch 202,Watches,Mixed
P0040,90,3.44,21,22,47,52.22,24.44,23.33,28.89,Analog Watch 40,Watches,Mixed
P0140,114,3.44,26,29,59,51.75,25.44,22.81,28.95,Smartphone 140,Mobile,Mixed
P0154,94,3.44,23,24,47,50.0,25.53,24.47,25.53,Smart Fan 154,Home Appliances,Mixed
P0496,98,3.44,23,24,51,52.04,24.49,23.47,28.57,Fitness Band 496,Wearables,Mixed
P0020,113,3.43,20,38,55,48.67,33.63,17.7,30.97,Air Purifier 20,Home Appliances,Good
P0033,104,3.43,23,25,56,53.85,24.04,22.12,31.73,Smart Watch 33,Watches,Good
P0489,100,3.43,24,29,47,47.0,29.0,24.0,23.0,Headphones 489,Audio,Mixed
P0482,116,3.43,28,29,59,50.86,25.0,24.14,26.72,Smartphone 482,Mobile,Mixed
P0329,104,3.43,23,30,51,49.04,28.85,22.12,26.92,Wireless Earbuds 329,Audio,Mixed
P0290,106,3.43,23,34,49,46.23,32.08,21.7,24.53,Fitness Band 290,Wearables,Mixed
P0184,95,3.43,18,27,50,52.63,28.42,18.95,33.68,Smart Ring 184,Wearables,Good
P0493,95,3.43,21,26,48,50.53,27.37,22.11,28.42,Air Purifier 493,Home Appliances,Mixed
P0103,101,3.43,25,23,53,52.48,22.77,24.75,27.72,Fitness Band 103,Wearables,Mixed
P0353,101,3.43,21,30,50,49.5,29.7,20.79,28.71,Analog Watch 353,Watches,Mixed
P0220,100,3.43,18,30,52,52.0,30.0,18.0,34.0,Smart Ring 220,Wearables,Good
P0210,93,3.43,23,20,50,53.76,21.51,24.73,29.03,Tablet 210,Mobile,Mixed
P0276,115,3.43,23,33,59,51.3,28.7,20.0,31.3,Fitness Watch 276,Watches,Good
P0294,118,3.43,26,27,65,55.08,22.88,22.03,33.05,Smart Ring 294,Wearables,Good
P0299,95,3.43,20,25,50,52.63,26.32,21.05,31.58,Smart Ring 299,Wearables,Good
P0306,100,3.43,20,32,48,48.0,32.0,20.0,28.0,Fitness Band 306,Wearables,Mixed
P0351,81,3.43,21,20,40,49.38,24.69,25.93,23.46,Tablet 351,Mobile,Mixed
P0104,92,3.43,24,17,51,55.43,18.48,26.09,29.35,Smartphone 104,Mobile,Mixed
P0406,96,3.43,21,26,49,51.04,27.08,21.88,29.17,Fitness Band 406,Wearables,Mixed
P0437,107,3.43,25,25,57,53.27,23.36,23.36,29.91,Tablet 437,Mobile,Mixed
P0041,100,3.43,27,22,51,51.0,22.0,27.0,24.0,Headphones 41,Audio,Mixed
P0176,115,3.42,28,21,66,57.39,18.26,24.35,33.04,Smart Light 176,Home Appliances,Good
P0485,109,3.42,25,31,53,48.62,28.44,22.94,25.69,Smart Watch 485,Watches,Mixed
P0322,106,3.42,22,28,56,52.83,26.42,20.75,32.08,Smart Watch 322,Watches,Good
P0325,122,3.42,30,29,63,51.64,23.77,24.59,27.05,Tablet 325,Mobile,Mixed
P0308,120,3.42,28,29,63,52.5,24.17,23.33,29.17,Smart Watch 308,Watches,Mixed
P0374,79,3.42,17,23,39,49.37,29.11,21.52,27.85,Headphones 374,Audio,Mixed
P0394,99,3.42,20,26,53,53.54,26.26,20.2,33.33,Fitness Watch 394,Watches,Good
P0399,107,3.42,26,23,58,54.21,21.5,24.3,29.91,Analog Watch 399,Watches,Mixed
P0260,106,3.42,21,35,50,47.17,33.02,19.81,27.36,Headphones 260,Audio,Mixed
P0402,106,3.42,24,31,51,48.11,29.25,22.64,25.47,Wireless Earbuds 402,Audio,Mixed
P0212,95,3.42,20,26,49,51.58,27.37,21.05,30.53,Smartphone 212,Mobile,Good
P0457,102,3.42,19,35,48,47.06,34.31,18.63,28.43,Air Purifier 457,Home Appliances,Mixed
P0150,102,3.41,20,32,50,49.02,31.37,19.61,29.41,Tablet 150,Mobile,Mixed
P0321,106,3.41,29,23,54,50.94,21.7,27.36,23.58,Smart Ring 321,Wearables,Mixed
P0301,111,3.41,24,33,54,48.65,29.73,21.62,27.03,Bluetooth Speaker 301,Audio,Mixed
P0412,97,3.41,18,34,45,46.39,35.05,18.56,27.84,Air Purifier 412,Home Appliances,Mixed
P0445,92,3.41,22,22,48,52.17,23.91,23.91,28.26,Bluetooth Speaker 445,Audio,Mixed
P0168,97,3.41,28,17,52,53.61,17.53,28.87,24.74,Smart Ring 168,Wearables,Mixed
P0407,91,3.41,24,22,45,49.45,24.18,26.37,23.08,Fitness Band 407,Wearables,Mixed
P0215,93,3.41,16,32,45,48.39,34.41,17.2,31.18,Smart Light 215,Home Appliances,Good
P0385,107,3.41,27,27,53,49.53,25.23,25.23,24.3,Tablet 385,Mobile,Mixed
P0411,113,3.41,26,31,56,49.56,27.43,23.01,26.55,Smart Fan 411,Home Appliances,Mixed
P0433,89,3.4,18,29,42,47.19,32.58,20.22,26.97,Smart Fan 433,Home Appliances,Mixed
P0042,109,3.4,26,28,55,50.46,25.69,23.85,26.61,Smart Watch 42,Watches,Mixed
P0416,95,3.4,24,23,48,50.53,24.21,25.26,25.26,Smart Ring 416,Wearables,Mixed
P0143,95,3.4,23,26,46,48.42,27.37,24.21,24.21,Headphones 143,Audio,Mixed
P0164,87,3.4,18,26,43,49.43,29.89,20.69,28.74,Smart Fan 164,Home Appliances,Mixed
P0160,91,3.4,23,22,46,50.55,24.18,25.27,25.27,Smart Fan 160,Home Appliances,Mixed
P0201,100,3.4,24,21,55,55.0,21.0,24.0,31.0,Fitness Band 201,Wearables,Good
P0473,93,3.4,21,27,45,48.39,29.03,22.58,25.81,Analog Watch 473,Watches,Mixed
P0320,111,3.4,26,31,54,48.65,27.93,23.42,25.23,Smart Ring 320,Wearables,Mixed
P0262,100,3.4,24,28,48,48.0,28.0,24.0,24.0,Headphones 262,Audio,Mixed
P0292,73,3.4,16,22,35,47.95,30.14,21.92,26.03,Smart Fan 292,Home Appliances,Mixed
P0395,91,3.4,19,27,45,49.45,29.67,20.88,28.57,Analog Watch 395,Watches,Mixed
P0053,115,3.4,30,26,59,51.3,22.61,26.09,25.22,Tablet 53,Mobile,Mixed
P0062,109,3.4,25,25,59,54.13,22.94,22.94,31.19,Tablet 62,Mobile,Good
P0255,109,3.4,23,30,56,51.38,27.52,21.1,30.28,Bluetooth Speaker 255,Audio,Good
P0323,102,3.4,19,32,51,50.0,31.37,18.63,31.37,Smart Watch 323,Watches,Good
P0083,124,3.4,29,31,64,51.61,25.0,23.39,28.23,Air Purifier 83,Home Appliances,Mixed
P0137,118,3.39,28,35,55,46.61,29.66,23.73,22.88,Analog Watch 137,Watches,Mixed
P0475,89,3.39,23,21,45,50.56,23.6,25.84,24.72,Fitness Watch 475,Watches,Mixed
P0401,97,3.39,23,27,47,48.45,27.84,23.71,24.74,Headphones 401,Audio,Mixed
P0237,89,3.39,20,26,43,48.31,29.21,22.47,25.84,Tablet 237,Mobile,Mixed
P0283,122,3.39,27,35,60,49.18,28.69,22.13,27.05,Headphones 283,Audio,Mixed
P0310,112,3.39,25,33,54,48.21,29.46,22.32,25.89,Fitness Band 310,Wearables,Mixed
P0488,95,3.38,21,28,46,48.42,29.47,22.11,26.32,Smart Light 488,Home Appliances,Mixed
P0088,95,3.38,23,20,52,54.74,21.05,24.21,30.53,Air Purifier 88,Home Appliances,Good
P0303,88,3.38,23,19,46,52.27,21.59,26.14,26.14,Fitness Watch 303,Watches,Mixed
P0334,114,3.38,29,30,55,48.25,26.32,25.44,22.81,Fitness Band 334,Wearables,Mixed
P0318,100,3.38,25,25,50,50.0,25.0,25.0,25.0,Bluetooth Speaker 318,Audio,Mixed
P0032,99,3.38,26,23,50,50.51,23.23,26.26,24.24,Smartphone 32,Mobile,Mixed
P0264,89,3.38,21,21,47,52.81,23.6,23.6,29.21,Tablet 264,Mobile,Mixed
P0425,85,3.38,22,23,40,47.06,27.06,25.88,21.18,Fitness Watch 425,Watches,Mixed
P0124,88,3.38,23,20,45,51.14,22.73,26.14,25.0,Smart Ring 124,Wearables,Mixed
P0214,93,3.38,21,20,52,55.91,21.51,22.58,33.33,Fitness Band 214,Wearables,Good
P0235,99,3.38,24,27,48,48.48,27.27,24.24,24.24,Smartphone 235,Mobile,Mixed
P0098,104,3.38,28,21,55,52.88,20.19,26.92,25.96,Analog Watch 98,Watches,Mixed
P0460,95,3.38,27,21,47,49.47,22.11,28.42,21.05,Headphones 460,Audio,Mixed
P0495,103,3.38,24,21,58,56.31,20.39,23.3,33.01,Tablet 495,Mobile,Good
P0147,102,3.38,24,27,51,50.0,26.47,23.53,26.47,Fitness Band 147,Wearables,Mixed
P0261,100,3.38,26,23,51,51.0,23.0,26.0,25.0,Analog Watch 261,Watches,Mixed
P0364,107,3.38,21,37,49,45.79,34.58,19.63,26.17,Bluetooth Speaker 364,Audio,Mixed
P0344,100,3.37,25,25,50,50.0,25.0,25.0,25.0,Smartphone 344,Mobile,Mixed
P0258,108,3.37,29,23,56,51.85,21.3,26.85,25.0,Smart Watch 258,Watches,Mixed
P0055,121,3.37,28,38,55,45.45,31.4,23.14,22.31,Smart Watch 55,Watches,Mixed
P0226,90,3.37,20,27,43,47.78,30.0,22.22,25.56,Bluetooth Speaker 226,Audio,Mixed
P0065,100,3.37,22,33,45,45.0,33.0,22.0,23.0,Smart Ring 65,Wearables,Mixed
P0274,95,3.37,23,26,46,48.42,27.37,24.21,24.21,Smart Watch 274,Watches,Mixed
P0430,90,3.37,27,19,44,48.89,21.11,30.0,18.89,Smart Light 430,Home Appliances,Mixed
P0113,91,3.37,24,23,44,48.35,25.27,26.37,21.98,Smart Watch 113,Watches,Mixed
P0428,93,3.37,29,18,46,49.46,19.35,31.18,18.28,Wireless Earbuds 428,Audio,Mixed
P0073,103,3.37,25,28,50,48.54,27.18,24.27,24.27,Smartphone 73,Mobile,Mixed
P0327,115,3.36,26,38,51,44.35,33.04,22.61,21.74,Smart Fan 327,Home Appliances,Mixed
P0314,125,3.36,29,37,59,47.2,29.6,23.2,24.0,Smart Light 314,Home Appliances,Mixed
P0480,121,3.36,35,24,62,51.24,19.83,28.93,22.31,Headphones 480,Audio,Mixed
P0205,100,3.36,24,28,48,48.0,28.0,24.0,24.0,Tablet 205,Mobile,Mixed
P0499,98,3.36,26,24,48,48.98,24.49,26.53,22.45,Tablet 499,Mobile,Mixed
P0021,102,3.36,26,28,48,47.06,27.45,25.49,21.57,Wireless Earbuds 21,Audio,Mixed
P0100,108,3.36,27,29,52,48.15,26.85,25.0,23.15,Bluetooth Speaker 100,Audio,Mixed
P0476,92,3.36,18,31,43,46.74,33.7,19.57,27.17,Wireless Earbuds 476,Audio,Mixed
P0213,76,3.36,16,25,35,46.05,32.89,21.05,25.0,Wireless Earbuds 213,Audio,Mixed
P0377,95,3.36,28,18,49,51.58,18.95,29.47,22.11,Smart Ring 377,Wearables,Mixed
P0388,91,3.36,15,36,40,43.96,39.56,16.48,27.47,Smart Fan 388,Home Appliances,Mixed
P0335,94,3.36,19,28,47,50.0,29.79,20.21,29.79,Headphones 335,Audio,Mixed
P0419,95,3.36,20,30,45,47.37,31.58,21.05,26.32,Fitness Band 419,Wearables,Mixed
P0273,107,3.36,28,26,53,49.53,24.3,26.17,23.36,Smart Ring 273,Wearables,Mixed
P0284,108,3.36,24,34,50,46.3,31.48,22.22,24.07,Wireless Earbuds 284,Audio,Mixed
P0181,97,3.35,22,31,44,45.36,31.96,22.68,22.68,Smart Light 181,Home Appliances,Mixed
P0058,124,3.35,28,38,58,46.77,30.65,22.58,24.19,Bluetooth Speaker 58,Audio,Mixed
P0115,108,3.35,32,19,57,52.78,17.59,29.63,23.15,Air Purifier 115,Home Appliances,Mixed
P0141,111,3.35,29,28,54,48.65,25.23,26.13,22.52,Wireless Earbuds 141,Audio,Mixed
P0194,83,3.35,17,28,38,45.78,33.73,20.48,25.3,Air Purifier 194,Home Appliances,Mixed
P0074,103,3.35,24,32,47,45.63,31.07,23.3,22.33,Smart Watch 74,Watches,Mixed
P0112,110,3.35,29,26,55,50.0,23.64,26.36,23.64,Smart Light 112,Home Appliances,Mixed
P0442,96,3.35,23,27,46,47.92,28.12,23.96,23.96,Smartphone 442,Mobile,Mixed
P0134,110,3.35,28,27,55,50.0,24.55,25.45,24.55,Smartphone 134,Mobile,Mixed
P0343,98,3.35,22,28,48,48.98,28.57,22.45,26.53,Tablet 343,Mobile,Mixed
P0090,100,3.35,23,29,48,48.0,29.0,23.0,25.0,Smartphone 90,Mobile,Mixed
P0256,108,3.35,26,29,53,49.07,26.85,24.07,25.0,Smartphone 256,Mobile,Mixed
P0355,107,3.35,27,28,52,48.6,26.17,25.23,23.36,Analog Watch 355,Watches,Mixed
P0011,114,3.35,34,29,51,44.74,25.44,29.82,14.91,Smartphone 11,Mobile,Mixed
P0379,90,3.34,22,28,40,44.44,31.11,24.44,20.0,Bluetooth Speaker 379,Audio,Mixed
P0028,90,3.34,22,23,45,50.0,25.56,24.44,25.56,Fitness Band 28,Wearables,Mixed
P0089,102,3.34,28,21,53,51.96,20.59,27.45,24.51,Fitness Band 89,Wearables,Mixed
P0046,87,3.34,24,18,45,51.72,20.69,27.59,24.14,Bluetooth Speaker 46,Audio,Mixed
P0338,100,3.34,21,30,49,49.0,30.0,21.0,28.0,Wireless Earbuds 338,Audio,Mixed
P0082,101,3.34,24,31,46,45.54,30.69,23.76,21.78,Fitness Watch 82,Watches,Mixed
P0313,97,3.34,21,33,43,44.33,34.02,21.65,22.68,Smart Watch 313,Watches,Mixed
P0296,116,3.34,31,28,57,49.14,24.14,26.72,22.41,Headphones 296,Audio,Mixed
P0207,102,3.34,27,25,50,49.02,24.51,26.47,22.55,Wireless Earbuds 207,Audio,Mixed
P0191,90,3.34,23,23,44,48.89,25.56,25.56,23.33,Headphones 191,Audio,Mixed
P0017,105,3.34,28,25,52,49.52,23.81,26.67,22.86,Bluetooth Speaker 17,Audio,Mixed
P0481,96,3.33,24,28,44,45.83,29.17,25.0,20.83,Bluetooth Speaker 481,Audio,Mixed
P0319,106,3.33,30,28,48,45.28,26.42,28.3,16.98,Smart Ring 319,Wearables,Mixed
P0328,117,3.33,29,33,55,47.01,28.21,24.79,22.22,Smartphone 328,Mobile,Mixed
P0471,111,3.33,29,30,52,46.85,27.03,26.13,20.72,Bluetooth Speaker 471,Audio,Mixed
P0459,99,3.33,26,29,44,44.44,29.29,26.26,18.18,Smart Watch 459,Watches,Mixed
P0097,121,3.33,35,27,59,48.76,22.31,28.93,19.83,Fitness Watch 97,Watches,Mixed
P0240,100,3.33,22,25,53,53.0,25.0,22.0,31.0,Tablet 240,Mobile,Good
P0118,116,3.33,28,34,54,46.55,29.31,24.14,22.41,Bluetooth Speaker 118,Audio,Mixed
P0153,110,3.33,29,30,51,46.36,27.27,26.36,20.0,Fitness Band 153,Wearables,Mixed
P0159,102,3.33,23,34,45,44.12,33.33,22.55,21.57,Analog Watch 159,Watches,Mixed
P0429,105,3.33,30,26,49,46.67,24.76,28.57,18.1,Smart Ring 429,Wearables,Mixed
P0477,109,3.33,29,25,55,50.46,22.94,26.61,23.85,Fitness Watch 477,Watches,Mixed
P0267,93,3.33,23,25,45,48.39,26.88,24.73,23.66,Smartphone 267,Mobile,Mixed
P0018,102,3.33,25,32,45,44.12,31.37,24.51,19.61,Smart Ring 18,Wearables,Mixed
P0384,108,3.33,29,24,55,50.93,22.22,26.85,24.07,Bluetooth Speaker 384,Audio,Mixed
P0281,114,3.33,22,45,47,41.23,39.47,19.3,21.93,Smart Ring 281,Wearables,Mixed
P0107,103,3.33,25,29,49,47.57,28.16,24.27,23.3,Analog Watch 107,Watches,Mixed
P0444,77,3.32,19,25,33,42.86,32.47,24.68,18.18,Fitness Band 444,Wearables,Mixed
P0393,96,3.32,25,27,44,45.83,28.12,26.04,19.79,Analog Watch 393,Watches,Mixed
P0105,110,3.32,26,30,54,49.09,27.27,23.64,25.45,Fitness Watch 105,Watches,Mixed
P0487,94,3.32,28,20,46,48.94,21.28,29.79,19.15,Air Purifier 487,Home Appliances,Mixed
P0005,120,3.32,29,32,59,49.17,26.67,24.17,25.0,Air Purifier 5,Home Appliances,Mixed
P0453,90,3.32,21,25,44,48.89,27.78,23.33,25.56,Smartphone 453,Mobile,Mixed
P0067,113,3.32,26,39,48,42.48,34.51,23.01,19.47,Smart Fan 67,Home Appliances,Mixed
P0048,99,3.32,27,25,47,47.47,25.25,27.27,20.2,Smart Watch 48,Watches,Mixed
P0179,102,3.32,27,24,51,50.0,23.53,26.47,23.53,Fitness Band 179,Wearables,Mixed
P0206,92,3.32,24,26,42,45.65,28.26,26.09,19.57,Smartphone 206,Mobile,Mixed
P0163,72,3.32,16,24,32,44.44,33.33,22.22,22.22,Smart Ring 163,Wearables,Mixed
P0269,78,3.32,17,28,33,42.31,35.9,21.79,20.51,Smartphone 269,Mobile,Mixed
P0122,96,3.31,25,30,41,42.71,31.25,26.04,16.67,Smart Fan 122,Home Appliances,Mixed
P0051,84,3.31,19,25,40,47.62,29.76,22.62,25.0,Air Purifier 51,Home Appliances,Mixed
P0478,100,3.31,27,26,47,47.0,26.0,27.0,20.0,Smart Fan 478,Home Appliances,Mixed
P0421,90,3.31,25,22,43,47.78,24.44,27.78,20.0,Air Purifier 421,Home Appliances,Mixed
P0037,94,3.31,26,25,43,45.74,26.6,27.66,18.09,Analog Watch 37,Watches,Mixed
P0289,100,3.31,25,25,50,50.0,25.0,25.0,25.0,Smart Ring 289,Wearables,Mixed
P0337,92,3.3,21,29,42,45.65,31.52,22.83,22.83,Analog Watch 337,Watches,Mixed
P0193,82,3.3,13,38,31,37.8,46.34,15.85,21.95,Fitness Band 193,Wearables,Mixed
P0060,90,3.3,23,26,41,45.56,28.89,25.56,20.0,Smartphone 60,Mobile,Mixed
P0234,89,3.3,23,23,43,48.31,25.84,25.84,22.47,Air Purifier 234,Home Appliances,Mixed
P0380,94,3.3,21,34,39,41.49,36.17,22.34,19.15,Fitness Band 380,Wearables,Mixed
P0239,105,3.3,28,25,52,49.52,23.81,26.67,22.86,Tablet 239,Mobile,Mixed
P0101,105,3.3,28,21,56,53.33,20.0,26.67,26.67,Bluetooth Speaker 101,Audio,Mixed
P0454,113,3.3,23,40,50,44.25,35.4,20.35,23.89,Smart Fan 454,Home Appliances,Mixed
P0500,101,3.3,26,26,49,48.51,25.74,25.74,22.77,Wireless Earbuds 500,Audio,Mixed
P0007,100,3.3,31,19,50,50.0,19.0,31.0,19.0,Tablet 7,Mobile,Mixed
P0238,100,3.29,28,22,50,50.0,22.0,28.0,22.0,Air Purifier 238,Home Appliances,Mixed
P0381,95,3.29,24,27,44,46.32,28.42,25.26,21.05,Bluetooth Speaker 381,Audio,Mixed
P0006,85,3.29,24,20,41,48.24,23.53,28.24,20.0,Headphones 6,Audio,Mixed
P0302,108,3.29,26,34,48,44.44,31.48,24.07,20.37,Bluetooth Speaker 302,Audio,Mixed
P0472,104,3.29,27,31,46,44.23,29.81,25.96,18.27,Smartphone 472,Mobile,Mixed
P0204,82,3.29,25,15,42,51.22,18.29,30.49,20.73,Wireless Earbuds 204,Audio,Mixed
P0272,113,3.29,31,29,53,46.9,25.66,27.43,19.47,Tablet 272,Mobile,Mixed
P0438,91,3.29,23,28,40,43.96,30.77,25.27,18.68,Fitness Band 438,Wearables,Mixed
P0157,100,3.29,31,25,44,44.0,25.0,31.0,13.0,Smartphone 157,Mobile,Mixed
P0145,112,3.29,29,31,52,46.43,27.68,25.89,20.54,Fitness Band 145,Wearables,Mixed
P0189,102,3.29,25,34,43,42.16,33.33,24.51,17.65,Smartphone 189,Mobile,Mixed
P0282,110,3.28,28,32,50,45.45,29.09,25.45,20.0,Smartphone 282,Mobile,Mixed
P0077,104,3.28,30,29,45,43.27,27.88,28.85,14.42,Fitness Watch 77,Watches,Mixed
P0465,112,3.28,30,29,53,47.32,25.89,26.79,20.54,Fitness Band 465,Wearables,Mixed
P0361,99,3.27,24,30,45,45.45,30.3,24.24,21.21,Air Purifier 361,Home Appliances,Mixed
P0468,97,3.27,25,29,43,44.33,29.9,25.77,18.56,Fitness Band 468,Wearables,Mixed
P0091,112,3.27,32,27,53,47.32,24.11,28.57,18.75,Tablet 91,Mobile,Mixed
P0449,109,3.27,26,35,48,44.04,32.11,23.85,20.18,Bluetooth Speaker 449,Audio,Mixed
P0136,105,3.27,31,22,52,49.52,20.95,29.52,20.0,Tablet 136,Mobile,Mixed
P0252,97,3.27,23,38,36,37.11,39.18,23.71,13.4,Smartphone 252,Mobile,Mixed
P0461,100,3.26,26,30,44,44.0,30.0,26.0,18.0,Headphones 461,Audio,Mixed
P0108,125,3.26,33,35,57,45.6,28.0,26.4,19.2,Wireless Earbuds 108,Audio,Mixed
P0316,109,3.26,29,34,46,42.2,31.19,26.61,15.6,Wireless Earbuds 316,Audio,Mixed
P0376,104,3.25,29,31,44,42.31,29.81,27.88,14.42,Smart Fan 376,Home Appliances,Mixed
P0382,95,3.25,26,25,44,46.32,26.32,27.37,18.95,Smart Watch 382,Watches,Mixed
P0447,93,3.25,26,23,44,47.31,24.73,27.96,19.35,Smartphone 447,Mobile,Mixed
P0036,106,3.25,27,29,50,47.17,27.36,25.47,21.7,Smart Watch 36,Watches,Mixed
P0466,84,3.25,24,21,39,46.43,25.0,28.57,17.86,Smart Fan 466,Home Appliances,Mixed
P0498,99,3.24,26,31,42,42.42,31.31,26.26,16.16,Tablet 498,Mobile,Mixed
P0177,109,3.24,26,36,47,43.12,33.03,23.85,19.27,Wireless Earbuds 177,Audio,Mixed
P0297,82,3.23,21,27,34,41.46,32.93,25.61,15.85,Smartphone 297,Mobile,Mixed
P0197,96,3.23,25,30,41,42.71,31.25,26.04,16.67,Fitness Band 197,Wearables,Mixed
P0435,103,3.23,29,25,49,47.57,24.27,28.16,19.42,Bluetooth Speaker 435,Audio,Mixed
P0413,95,3.23,26,28,41,43.16,29.47,27.37,15.79,Smart Watch 413,Watches,Mixed
P0075,111,3.23,33,30,48,43.24,27.03,29.73,13.51,Fitness Watch 75,Watches,Mixed
P0183,97,3.23,24,30,43,44.33,30.93,24.74,19.59,Wireless Earbuds 183,Audio,Mixed
P0079,103,3.23,33,18,52,50.49,17.48,32.04,18.45,Smartphone 79,Mobile,Mixed
P0483,108,3.22,38,23,47,43.52,21.3,35.19,8.33,Smartphone 483,Mobile,Mixed
P0317,90,3.22,27,22,41,45.56,24.44,30.0,15.56,Smart Light 317,Home Appliances,Mixed
P0106,85,3.22,20,28,37,43.53,32.94,23.53,20.0,Bluetooth Speaker 106,Audio,Mixed
P0047,85,3.21,26,17,42,49.41,20.0,30.59,18.82,Smart Fan 47,Home Appliances,Mixed
P0148,103,3.21,28,32,43,41.75,31.07,27.18,14.56,Analog Watch 148,Watches,Mixed
P0054,119,3.21,34,33,52,43.7,27.73,28.57,15.13,Wireless Earbuds 54,Audio,Mixed
P0248,89,3.21,24,26,39,43.82,29.21,26.97,16.85,Headphones 248,Audio,Mixed
P0397,118,3.21,39,26,53,44.92,22.03,33.05,11.86,Fitness Band 397,Wearables,Mixed
P0300,93,3.2,28,28,37,39.78,30.11,30.11,9.68,Smart Watch 300,Watches,Mixed
P0341,106,3.2,30,29,47,44.34,27.36,28.3,16.04,Smart Watch 341,Watches,Mixed
P0190,85,3.19,27,21,37,43.53,24.71,31.76,11.76,Smart Light 190,Home Appliances,Mixed
P0187,91,3.18,25,32,34,37.36,35.16,27.47,9.89,Bluetooth Speaker 187,Audio,Mixed
P0219,101,3.15,29,28,44,43.56,27.72,28.71,14.85,Smart Ring 219,Wearables,Mixed
P0345,98,3.14,31,24,43,43.88,24.49,31.63,12.24,Tablet 345,Mobile,Mixed
P0470,116,3.13,36,29,51,43.97,25.0,31.03,12.93,Smart Light 470,Home Appliances,Mixed
P0418,92,3.13,30,25,37,40.22,27.17,32.61,7.61,Smart Fan 418,Home Appliances,Mixed
P0119,107,3.12,34,33,40,37.38,30.84,31.78,5.61,Wireless Earbuds 119,Audio,Mixed
P0441,79,3.11,22,27,30,37.97,34.18,27.85,10.13,Smartphone 441,Mobile,Mixed
