product_id,product_name,category,subcategory,price,rating,total_sales,return_rate,complaint_count,negative_percentage,average_rating,demand_score,problem_score,negative_review_score,demand_problem_score,demand_problem_category
P0316,Wireless Earbuds 316,Audio,Wireless Earbuds,3317,4.8,97580,0.102,115,26.61,3.26,98.4,87.12,26.61,80.09,High Demand + High Problem
P0235,Smartphone 235,Mobile,Smartphone,30477,3.4,95472,0.126,116,24.24,3.38,96.27,87.88,24.24,78.93,High Demand + High Problem
P0075,Fitness Watch 75,Watches,Fitness Watch,20145,3.4,99169,0.079,105,29.73,3.23,100.0,79.55,29.73,78.79,High Demand + High Problem
P0010,Smart Light 10,Home Appliances,Smart Light,31071,3.4,98147,0.089,110,23.96,3.46,98.97,83.33,23.96,78.49,High Demand + High Problem
P0347,Smartphone 347,Mobile,Smartphone,42693,3.4,93425,0.104,121,19.35,3.57,94.21,91.67,19.35,78.35,High Demand + High Problem
P0338,Wireless Earbuds 338,Audio,Wireless Earbuds,17243,3.7,97107,0.018,109,21.0,3.34,97.92,82.58,21.0,77.17,High Demand + High Problem
P0483,Smartphone 483,Mobile,Smartphone,38598,4.8,90036,0.14,110,35.19,3.22,90.79,83.33,35.19,77.06,High Demand + High Problem
P0099,Bluetooth Speaker 99,Audio,Bluetooth Speaker,45852,4.9,98380,0.023,108,18.8,3.52,99.2,81.82,18.8,77.04,High Demand + High Problem
P0230,Smart Watch 230,Watches,Smart Watch,34023,3.6,96381,0.091,111,19.35,3.51,97.19,84.09,19.35,77.04,High Demand + High Problem
P0273,Smart Ring 273,Wearables,Smart Ring,23826,3.9,91826,0.073,113,26.17,3.36,92.6,85.61,26.17,76.86,High Demand + High Problem
P0419,Fitness Band 419,Wearables,Fitness Band,14165,4.4,90495,0.058,119,21.05,3.36,91.25,90.15,21.05,76.83,High Demand + High Problem
P0293,Smart Fan 293,Home Appliances,Smart Fan,39139,4.5,96539,0.023,104,25.66,3.45,97.35,78.79,25.66,76.51,High Demand + High Problem
P0242,Smart Light 242,Home Appliances,Smart Light,43054,4.0,96545,0.121,106,22.73,3.47,97.35,80.3,22.73,76.46,High Demand + High Problem
P0047,Smart Fan 47,Home Appliances,Smart Fan,29977,4.1,96963,0.034,99,30.59,3.21,97.78,75.0,30.59,76.37,High Demand + High Problem
P0256,Smartphone 256,Mobile,Smartphone,25903,4.3,97448,0.065,102,24.07,3.35,98.26,77.27,24.07,76.08,High Demand + High Problem
P0165,Bluetooth Speaker 165,Audio,Bluetooth Speaker,44063,4.5,96862,0.116,106,19.39,3.51,97.67,80.3,19.39,75.94,High Demand + High Problem
P0339,Wireless Earbuds 339,Audio,Wireless Earbuds,16502,4.6,91939,0.06,114,19.3,3.56,92.71,86.36,19.3,75.81,High Demand + High Problem
P0094,Smart Ring 94,Wearables,Smart Ring,30841,4.7,91922,0.043,116,15.29,3.59,92.69,87.88,15.29,75.53,High Demand + High Problem
P0123,Smart Watch 123,Watches,Smart Watch,19023,4.2,93843,0.056,111,17.27,3.53,94.63,84.09,17.27,75.47,High Demand + High Problem
P0473,Analog Watch 473,Watches,Analog Watch,15533,4.2,95460,0.064,103,22.58,3.4,96.26,78.03,22.58,75.14,High Demand + High Problem
P0345,Tablet 345,Mobile,Tablet,9345,3.2,92513,0.143,101,31.63,3.14,93.29,76.52,31.63,75.09,High Demand + High Problem
P0492,Smart Ring 492,Wearables,Smart Ring,25961,4.6,97302,0.031,101,20.0,3.53,98.12,76.52,20.0,74.93,High Demand + High Problem
P0474,Bluetooth Speaker 474,Audio,Bluetooth Speaker,33398,3.5,86599,0.14,119,20.19,3.47,87.32,90.15,20.19,74.89,High Demand + High Problem
P0312,Smart Watch 312,Watches,Smart Watch,33532,4.1,94972,0.046,103,22.4,3.52,95.77,78.03,22.4,74.89,High Demand + High Problem
P0237,Tablet 237,Mobile,Tablet,2004,3.5,97686,0.026,98,22.47,3.39,98.5,74.24,22.47,74.81,High Demand + High Problem
P0055,Smart Watch 55,Watches,Smart Watch,28534,4.5,91663,0.013,107,23.14,3.37,92.43,81.06,23.14,74.59,High Demand + High Problem
P0105,Fitness Watch 105,Watches,Fitness Watch,26939,4.2,90389,0.119,107,23.64,3.32,91.15,81.06,23.64,74.12,High Demand + High Problem
P0413,Smart Watch 413,Watches,Smart Watch,11758,4.6,97822,0.111,91,27.37,3.23,98.64,68.94,27.37,73.99,Moderate
P0485,Smart Watch 485,Watches,Smart Watch,6143,4.3,80955,0.011,123,22.94,3.42,81.63,93.18,22.94,73.94,High Demand + High Problem
P0466,Smart Fan 466,Home Appliances,Smart Fan,23971,4.5,91818,0.091,99,28.57,3.25,92.59,75.0,28.57,73.63,High Demand + High Problem
P0291,Wireless Earbuds 291,Audio,Wireless Earbuds,47621,3.6,89135,0.065,110,19.8,3.49,89.88,83.33,19.8,73.57,High Demand + High Problem
P0297,Smartphone 297,Mobile,Smartphone,43899,3.3,87598,0.137,108,25.61,3.23,88.33,81.82,25.61,73.51,High Demand + High Problem
P0374,Headphones 374,Audio,Headphones,43702,3.2,89917,0.011,107,21.52,3.42,90.67,81.06,21.52,73.48,High Demand + High Problem
P0177,Wireless Earbuds 177,Audio,Wireless Earbuds,9895,4.0,94002,0.072,97,23.85,3.24,94.79,73.48,23.85,73.15,High Demand + High Problem
P0400,Analog Watch 400,Watches,Analog Watch,24607,3.7,97301,0.026,94,20.0,3.47,98.12,71.21,20.0,73.08,High Demand + High Problem
P0069,Headphones 69,Audio,Headphones,17931,4.7,92405,0.133,99,23.81,3.5,93.18,75.0,23.81,72.94,High Demand + High Problem
P0225,Smart Fan 225,Home Appliances,Smart Fan,25739,4.4,87242,0.132,106,25.77,3.45,87.97,80.3,25.77,72.85,High Demand + High Problem
P0375,Headphones 375,Audio,Headphones,40868,3.7,93478,0.1,95,25.84,3.58,94.26,71.97,25.84,72.77,High Demand + High Problem
P0491,Tablet 491,Mobile,Tablet,12789,4.9,90416,0.042,106,18.0,3.53,91.17,80.3,18.0,72.73,High Demand + High Problem
P0388,Smart Fan 388,Home Appliances,Smart Fan,26121,4.1,96268,0.062,97,16.48,3.36,97.07,73.48,16.48,72.7,High Demand + High Problem
P0283,Headphones 283,Audio,Headphones,37803,4.0,90244,0.079,102,22.13,3.39,91.0,77.27,22.13,72.42,High Demand + High Problem
P0064,Fitness Band 64,Wearables,Fitness Band,7678,3.7,90187,0.094,98,26.6,3.44,90.94,74.24,26.6,72.23,High Demand + High Problem
P0471,Bluetooth Speaker 471,Audio,Bluetooth Speaker,8804,4.0,92160,0.143,95,26.13,3.33,92.93,71.97,26.13,72.23,High Demand + High Problem
P0280,Smartphone 280,Mobile,Smartphone,16635,3.5,91390,0.03,102,18.1,3.52,92.16,77.27,18.1,72.14,High Demand + High Problem
P0001,Smart Watch 1,Watches,Smart Watch,49598,3.6,97030,0.024,91,19.59,3.53,97.84,68.94,19.59,72.08,Moderate
P0062,Tablet 62,Mobile,Tablet,11996,4.8,94656,0.026,92,22.94,3.4,95.45,69.7,22.94,71.93,Moderate
P0229,Smart Light 229,Home Appliances,Smart Light,45041,3.3,97564,0.016,92,16.09,3.46,98.38,69.7,16.09,71.88,Moderate
P0269,Smartphone 269,Mobile,Smartphone,43401,4.2,85045,0.105,109,21.79,3.32,85.76,82.58,21.79,71.85,High Demand + High Problem
P0198,Smart Ring 198,Wearables,Smart Ring,32122,3.8,88817,0.025,101,23.71,3.48,89.56,76.52,23.71,71.82,High Demand + High Problem
P0008,Headphones 8,Audio,Headphones,25867,4.8,90698,0.088,102,17.89,3.44,91.46,77.27,17.89,71.78,High Demand + High Problem
P0389,Fitness Watch 389,Watches,Fitness Watch,1270,3.6,91401,0.133,97,21.36,3.46,92.17,73.48,21.36,71.47,High Demand + High Problem
P0124,Smart Ring 124,Wearables,Smart Ring,7499,3.4,86314,0.101,102,26.14,3.38,87.04,77.27,26.14,71.44,High Demand + High Problem
P0356,Air Purifier 356,Home Appliances,Air Purifier,21208,4.0,87143,0.047,104,21.43,3.5,87.87,78.79,21.43,71.4,High Demand + High Problem
P0431,Bluetooth Speaker 431,Audio,Bluetooth Speaker,35766,4.2,99083,0.147,84,20.45,3.45,99.91,63.64,20.45,71.32,Moderate
P0203,Smart Light 203,Home Appliances,Smart Light,23434,4.3,94993,0.105,90,21.05,3.52,95.79,68.18,21.05,71.18,Moderate
P0113,Smart Watch 113,Watches,Smart Watch,36228,4.0,88381,0.143,97,26.37,3.37,89.12,73.48,26.37,71.1,High Demand + High Problem
P0150,Tablet 150,Mobile,Tablet,43171,4.6,88333,0.108,102,19.61,3.41,89.07,77.27,19.61,71.05,High Demand + High Problem
P0146,Air Purifier 146,Home Appliances,Air Purifier,23507,3.3,85189,0.034,112,12.9,3.65,85.9,84.85,12.9,70.93,High Demand + High Problem
P0110,Smart Ring 110,Wearables,Smart Ring,6918,3.2,70829,0.027,132,18.92,3.54,71.42,100.0,18.92,70.92,High Demand + High Problem
P0039,Bluetooth Speaker 39,Audio,Bluetooth Speaker,22770,3.9,88306,0.131,103,17.65,3.6,89.05,78.03,17.65,70.91,High Demand + High Problem
P0149,Fitness Watch 149,Watches,Fitness Watch,44490,3.8,86490,0.108,105,19.0,3.47,87.21,79.55,19.0,70.89,High Demand + High Problem
P0236,Fitness Band 236,Wearables,Fitness Band,5769,4.5,95436,0.104,85,24.74,3.44,96.24,64.39,24.74,70.79,Moderate
P0304,Bluetooth Speaker 304,Audio,Bluetooth Speaker,40387,4.2,91002,0.014,97,18.87,3.47,91.76,73.48,18.87,70.79,High Demand + High Problem
P0032,Smartphone 32,Mobile,Smartphone,29716,4.4,80673,0.148,108,26.26,3.38,81.35,81.82,26.26,70.5,High Demand + High Problem
P0205,Tablet 205,Mobile,Tablet,23859,4.8,95089,0.048,85,24.0,3.36,95.89,64.39,24.0,70.49,Moderate
P0263,Smart Light 263,Home Appliances,Smart Light,39954,3.7,91633,0.038,95,18.49,3.59,92.4,71.97,18.49,70.47,High Demand + High Problem
P0196,Smart Ring 196,Wearables,Smart Ring,33773,3.3,94031,0.057,89,20.83,3.51,94.82,67.42,20.83,70.43,Moderate
P0202,Fitness Watch 202,Watches,Fitness Watch,10049,4.2,87299,0.077,99,22.77,3.44,88.03,75.0,22.77,70.42,High Demand + High Problem
P0142,Smart Fan 142,Home Appliances,Smart Fan,37944,4.0,74489,0.1,123,19.17,3.48,75.11,93.18,19.17,70.25,High Demand + High Problem
P0281,Smart Ring 281,Wearables,Smart Ring,28724,4.3,91389,0.139,94,19.3,3.33,92.15,71.21,19.3,70.25,High Demand + High Problem
P0009,Wireless Earbuds 9,Audio,Wireless Earbuds,21673,3.3,74841,0.133,121,19.63,3.45,75.47,91.67,19.63,69.97,High Demand + High Problem
P0007,Tablet 7,Mobile,Tablet,14730,4.4,90093,0.101,86,31.0,3.3,90.85,65.15,31.0,69.88,Moderate
P0217,Fitness Watch 217,Watches,Fitness Watch,8747,3.5,90425,0.08,102,8.86,3.72,91.18,77.27,8.86,69.85,High Demand + High Problem
P0153,Fitness Band 153,Wearables,Fitness Band,40141,3.5,91312,0.118,87,26.36,3.33,92.08,65.91,26.36,69.77,Moderate
P0192,Bluetooth Speaker 192,Audio,Bluetooth Speaker,24127,3.7,78817,0.134,113,19.77,3.55,79.48,85.61,19.77,69.68,High Demand + High Problem
P0342,Smartphone 342,Mobile,Smartphone,22206,3.5,92865,0.138,89,18.45,3.55,93.64,67.42,18.45,69.43,Moderate
P0216,Headphones 216,Audio,Headphones,18497,3.7,95249,0.09,85,18.18,3.61,96.05,64.39,18.18,69.4,Moderate
P0057,Headphones 57,Audio,Headphones,29562,3.9,88170,0.105,97,18.35,3.5,88.91,73.48,18.35,69.4,High Demand + High Problem
P0103,Fitness Band 103,Wearables,Fitness Band,5840,3.8,77514,0.052,110,24.75,3.43,78.16,83.33,24.75,69.29,High Demand + High Problem
P0479,Fitness Watch 479,Watches,Fitness Watch,17888,4.6,75852,0.045,117,17.98,3.61,76.49,88.64,17.98,69.04,High Demand + High Problem
P0383,Smart Ring 383,Wearables,Smart Ring,31393,4.0,83651,0.092,101,21.15,3.49,84.35,76.52,21.15,68.97,High Demand + High Problem
P0344,Smartphone 344,Mobile,Smartphone,47345,4.4,80940,0.12,102,25.0,3.37,81.62,77.27,25.0,68.77,High Demand + High Problem
P0331,Smart Ring 331,Wearables,Smart Ring,5914,3.3,85170,0.072,102,14.42,3.51,85.88,77.27,14.42,68.58,High Demand + High Problem
P0497,Smart Ring 497,Wearables,Smart Ring,49268,3.3,80934,0.05,99,27.27,3.45,81.61,75.0,27.27,68.43,High Demand + High Problem
P0051,Air Purifier 51,Home Appliances,Air Purifier,31450,4.9,78547,0.054,106,22.62,3.31,79.21,80.3,22.62,68.27,High Demand + High Problem
P0115,Air Purifier 115,Home Appliances,Air Purifier,24768,4.4,71864,0.136,112,29.63,3.35,72.47,84.85,29.63,68.23,High Demand + High Problem
P0405,Air Purifier 405,Home Appliances,Air Purifier,27953,3.3,86348,0.054,95,19.2,3.54,87.07,71.97,19.2,68.21,High Demand + High Problem
P0311,Smart Light 311,Home Appliances,Smart Light,40900,4.3,86752,0.114,90,24.39,3.45,87.48,68.18,24.39,68.11,Moderate
P0161,Smartphone 161,Mobile,Smartphone,20736,3.6,84248,0.121,97,20.0,3.47,84.95,73.48,20.0,67.95,High Demand + High Problem
P0248,Headphones 248,Audio,Headphones,45829,3.3,85682,0.116,89,26.97,3.21,86.4,67.42,26.97,67.87,Moderate
P0033,Smart Watch 33,Watches,Smart Watch,18332,3.4,73012,0.032,114,22.12,3.43,73.62,86.36,22.12,67.78,High Demand + High Problem
P0455,Fitness Band 455,Wearables,Fitness Band,25684,3.8,86134,0.136,94,18.45,3.57,86.86,71.21,18.45,67.7,High Demand + High Problem
P0262,Headphones 262,Audio,Headphones,1443,3.8,81789,0.063,97,24.0,3.4,82.47,73.48,24.0,67.63,High Demand + High Problem
P0288,Smart Ring 288,Wearables,Smart Ring,47579,3.9,81260,0.029,101,19.82,3.6,81.94,76.52,19.82,67.62,High Demand + High Problem
P0428,Wireless Earbuds 428,Audio,Wireless Earbuds,11073,4.2,82468,0.096,90,31.18,3.37,83.16,68.18,31.18,67.52,Moderate
P0111,Smartphone 111,Mobile,Smartphone,45226,3.2,74084,0.056,114,18.18,3.55,74.7,86.36,18.18,67.48,High Demand + High Problem
P0163,Smart Ring 163,Wearables,Smart Ring,16765,3.5,88084,0.022,86,22.22,3.32,88.82,65.15,22.22,67.22,Moderate
P0058,Bluetooth Speaker 58,Audio,Bluetooth Speaker,36004,3.9,74475,0.103,109,22.58,3.35,75.1,82.58,22.58,67.21,High Demand + High Problem
P0028,Fitness Band 28,Wearables,Fitness Band,45250,3.9,75168,0.044,106,24.44,3.34,75.8,80.3,24.44,67.1,High Demand + High Problem
P0470,Smart Light 470,Home Appliances,Smart Light,37540,3.8,73233,0.078,104,31.03,3.13,73.85,78.79,31.03,67.01,High Demand + High Problem
P0341,Smart Watch 341,Watches,Smart Watch,16245,3.2,63150,0.01,123,28.3,3.2,63.68,93.18,28.3,66.93,Moderate
P0043,Tablet 43,Mobile,Tablet,40728,3.4,76074,0.037,108,18.09,3.51,76.71,81.82,18.09,66.77,High Demand + High Problem
P0334,Fitness Band 334,Wearables,Fitness Band,43420,3.9,72679,0.077,108,25.44,3.38,73.29,81.82,25.44,66.7,High Demand + High Problem
P0250,Fitness Band 250,Wearables,Fitness Band,16057,4.7,74789,0.077,107,21.84,3.44,75.42,81.06,21.84,66.68,High Demand + High Problem
P0477,Fitness Watch 477,Watches,Fitness Watch,19644,4.2,76906,0.059,99,26.61,3.33,77.55,75.0,26.61,66.47,High Demand + High Problem
P0139,Analog Watch 139,Watches,Analog Watch,7937,4.2,69176,0.021,123,11.96,3.66,69.76,93.18,11.96,66.4,Moderate
P0156,Wireless Earbuds 156,Audio,Wireless Earbuds,40627,3.6,84540,0.077,94,15.53,3.59,85.25,71.21,15.53,66.39,High Demand + High Problem
P0154,Smart Fan 154,Home Appliances,Smart Fan,45326,4.8,80531,0.05,94,24.47,3.44,81.21,71.21,24.47,66.36,High Demand + High Problem
P0014,Fitness Band 14,Wearables,Fitness Band,41979,4.3,80318,0.038,94,24.3,3.47,80.99,71.21,24.3,66.23,High Demand + High Problem
P0376,Smart Fan 376,Home Appliances,Smart Fan,15300,4.4,82237,0.066,88,27.88,3.25,82.93,66.67,27.88,66.23,Moderate
P0117,Smartphone 117,Mobile,Smartphone,9252,3.5,73141,0.039,106,24.11,3.47,73.75,80.3,24.11,66.12,High Demand + High Problem
P0370,Tablet 370,Mobile,Tablet,9889,4.1,75037,0.014,104,22.34,3.52,75.67,78.79,22.34,66.09,High Demand + High Problem
P0404,Bluetooth Speaker 404,Audio,Bluetooth Speaker,25887,4.2,90214,0.133,78,22.34,3.44,90.97,59.09,22.34,66.09,Moderate
P0258,Smart Watch 258,Watches,Smart Watch,6873,3.4,78886,0.12,93,26.85,3.37,79.55,70.45,26.85,65.83,High Demand + High Problem
P0127,Smartphone 127,Mobile,Smartphone,37462,4.8,74120,0.056,103,24.18,3.48,74.74,78.03,24.18,65.78,High Demand + High Problem
P0222,Air Purifier 222,Home Appliances,Air Purifier,34636,4.2,73742,0.075,109,16.35,3.45,74.36,82.58,16.35,65.63,High Demand + High Problem
P0255,Bluetooth Speaker 255,Audio,Bluetooth Speaker,39395,3.3,81583,0.051,92,21.1,3.4,82.27,69.7,21.1,65.63,Moderate
P0224,Air Purifier 224,Home Appliances,Air Purifier,19814,4.5,84585,0.147,92,14.12,3.54,85.29,69.7,14.12,65.6,Moderate
P0186,Smart Ring 186,Wearables,Smart Ring,41508,4.0,82703,0.086,95,14.29,3.6,83.4,71.97,14.29,65.58,High Demand + High Problem
P0193,Fitness Band 193,Wearables,Fitness Band,8044,4.7,95855,0.061,70,15.85,3.3,96.66,53.03,15.85,65.23,Moderate
P0365,Smart Ring 365,Wearables,Smart Ring,27928,4.3,75476,0.095,103,17.86,3.54,76.11,78.03,17.86,65.13,High Demand + High Problem
P0209,Wireless Earbuds 209,Audio,Wireless Earbuds,37067,3.5,86075,0.141,84,18.87,3.59,86.8,63.64,18.87,65.11,Moderate
P0077,Fitness Watch 77,Watches,Fitness Watch,42251,3.5,74272,0.143,95,28.85,3.28,74.89,71.97,28.85,64.66,High Demand + High Problem
P0398,Wireless Earbuds 398,Audio,Wireless Earbuds,1835,4.7,75755,0.104,99,20.0,3.51,76.39,75.0,20.0,64.63,High Demand + High Problem
P0020,Air Purifier 20,Home Appliances,Air Purifier,36339,4.8,75347,0.091,101,17.7,3.43,75.98,76.52,17.7,64.51,High Demand + High Problem
P0052,Bluetooth Speaker 52,Audio,Bluetooth Speaker,32108,4.5,84079,0.049,86,17.71,3.66,84.78,65.15,17.71,64.5,Moderate
P0199,Smart Ring 199,Wearables,Smart Ring,18401,4.5,76321,0.091,97,19.44,3.56,76.96,73.48,19.44,64.24,High Demand + High Problem
P0308,Smart Watch 308,Watches,Smart Watch,27081,4.3,66173,0.117,111,23.33,3.42,66.73,84.09,23.33,64.13,Moderate
P0026,Headphones 26,Audio,Headphones,15267,4.2,71566,0.019,104,19.81,3.44,72.17,78.79,19.81,64.01,High Demand + High Problem
P0440,Fitness Band 440,Wearables,Fitness Band,9937,4.6,72029,0.051,99,25.25,3.59,72.63,75.0,25.25,63.98,High Demand + High Problem
P0488,Smart Light 488,Home Appliances,Smart Light,12455,3.4,68422,0.074,107,22.11,3.38,69.0,81.06,22.11,63.84,Moderate
P0191,Headphones 191,Audio,Headphones,34733,4.7,65691,0.013,109,25.56,3.34,66.24,82.58,25.56,63.82,Moderate
P0340,Fitness Band 340,Wearables,Fitness Band,37903,4.6,65017,0.086,112,23.08,3.46,65.56,84.85,23.08,63.82,Moderate
P0380,Fitness Band 380,Wearables,Fitness Band,23489,3.6,70575,0.099,103,22.34,3.3,71.17,78.03,22.34,63.8,High Demand + High Problem
P0451,Bluetooth Speaker 451,Audio,Bluetooth Speaker,49052,3.4,66183,0.081,112,19.15,3.67,66.74,84.85,19.15,63.56,Moderate
P0318,Bluetooth Speaker 318,Audio,Bluetooth Speaker,4009,3.3,61460,0.131,115,25.0,3.38,61.98,87.12,25.0,63.38,Moderate
P0336,Tablet 336,Mobile,Tablet,36685,3.8,74641,0.08,96,20.19,3.5,75.27,72.73,20.19,63.36,High Demand + High Problem
P0183,Wireless Earbuds 183,Audio,Wireless Earbuds,22145,3.6,68512,0.135,103,24.74,3.23,69.09,78.03,24.74,63.35,Moderate
P0268,Fitness Band 268,Wearables,Fitness Band,24562,4.6,78333,0.099,90,19.64,3.46,78.99,68.18,19.64,63.34,Moderate
P0373,Smartphone 373,Mobile,Smartphone,19682,3.3,75507,0.119,98,14.74,3.68,76.14,74.24,14.74,63.2,High Demand + High Problem
P0012,Fitness Band 12,Wearables,Fitness Band,26216,4.9,69852,0.045,104,18.75,3.55,70.44,78.79,18.75,63.02,High Demand + High Problem
P0463,Air Purifier 463,Home Appliances,Air Purifier,8115,4.1,66607,0.106,108,20.59,3.48,67.17,81.82,20.59,62.98,Moderate
P0211,Air Purifier 211,Home Appliances,Air Purifier,3381,3.9,65430,0.036,109,20.91,3.48,65.98,82.58,20.91,62.77,Moderate
P0454,Smart Fan 454,Home Appliances,Smart Fan,30795,3.3,85503,0.055,75,20.35,3.3,86.22,56.82,20.35,62.76,Moderate
P0261,Analog Watch 261,Watches,Analog Watch,17495,4.4,65485,0.093,105,26.0,3.38,66.03,79.55,26.0,62.76,Moderate
P0232,Smart Ring 232,Wearables,Smart Ring,4072,4.8,88494,0.063,76,12.0,3.63,89.24,57.58,12.0,62.71,Moderate
P0329,Wireless Earbuds 329,Audio,Wireless Earbuds,27502,4.1,72605,0.045,95,22.12,3.43,73.21,71.97,22.12,62.56,High Demand + High Problem
P0170,Tablet 170,Mobile,Tablet,6414,3.3,79464,0.149,85,19.42,3.48,80.13,64.39,19.42,62.48,Moderate
P0394,Fitness Watch 394,Watches,Fitness Watch,8588,3.8,72233,0.045,96,20.2,3.42,72.84,72.73,20.2,62.27,High Demand + High Problem
P0078,Smart Ring 78,Wearables,Smart Ring,40735,4.3,68994,0.063,100,22.09,3.47,69.57,75.76,22.09,62.24,Moderate
P0326,Smart Watch 326,Watches,Smart Watch,30462,3.9,70744,0.06,102,15.05,3.61,71.34,77.27,15.05,62.16,High Demand + High Problem
P0363,Tablet 363,Mobile,Tablet,1810,4.3,68993,0.119,102,18.95,3.56,69.57,77.27,18.95,62.14,Moderate
P0234,Air Purifier 234,Home Appliances,Air Purifier,37856,3.9,69967,0.029,95,25.84,3.3,70.55,71.97,25.84,62.11,High Demand + High Problem
P0121,Fitness Band 121,Wearables,Fitness Band,48660,4.7,68847,0.052,102,18.37,3.54,69.42,77.27,18.37,61.96,Moderate
P0056,Analog Watch 56,Watches,Analog Watch,20569,4.7,55421,0.085,125,17.12,3.57,55.89,94.7,17.12,61.72,Moderate
P0460,Headphones 460,Audio,Headphones,12798,3.9,74372,0.099,84,28.42,3.38,75.0,63.64,28.42,61.7,Moderate
P0125,Air Purifier 125,Home Appliances,Air Purifier,28119,4.0,55024,0.112,120,23.76,3.56,55.49,90.91,23.76,61.54,Moderate
P0409,Analog Watch 409,Watches,Analog Watch,30110,4.0,65833,0.073,104,20.43,3.6,66.38,78.79,20.43,61.53,Moderate
P0220,Smart Ring 220,Wearables,Smart Ring,6118,3.4,72281,0.136,94,18.0,3.43,72.89,71.21,18.0,61.32,High Demand + High Problem
P0358,Bluetooth Speaker 358,Audio,Bluetooth Speaker,44743,4.3,71468,0.068,91,22.92,3.47,72.07,68.94,22.92,61.14,Moderate
P0239,Tablet 239,Mobile,Tablet,31540,4.9,62037,0.117,104,26.67,3.3,62.56,78.79,26.67,61.06,Moderate
P0266,Headphones 266,Audio,Headphones,20092,3.3,54127,0.104,123,19.23,3.49,54.58,93.18,19.23,61.02,Moderate
P0486,Tablet 486,Mobile,Tablet,33266,4.7,75803,0.132,84,20.88,3.6,76.44,63.64,20.88,60.85,Moderate
P0285,Smart Light 285,Home Appliances,Smart Light,49661,4.0,67452,0.026,101,17.0,3.59,68.02,76.52,17.0,60.79,Moderate
P0265,Smart Fan 265,Home Appliances,Smart Fan,8463,3.5,72016,0.035,95,14.56,3.61,72.62,71.97,14.56,60.78,High Demand + High Problem
P0372,Smart Watch 372,Watches,Smart Watch,25409,4.0,62704,0.092,112,13.16,3.84,63.23,84.85,13.16,60.78,Moderate
P0353,Analog Watch 353,Watches,Analog Watch,14470,3.9,73128,0.111,88,20.79,3.43,73.74,66.67,20.79,60.67,Moderate
P0271,Tablet 271,Mobile,Tablet,31347,4.2,66097,0.031,105,14.02,3.56,66.65,79.55,14.02,60.64,Moderate
P0061,Wireless Earbuds 61,Audio,Wireless Earbuds,2335,3.6,62570,0.104,105,21.43,3.46,63.09,79.55,21.43,60.52,Moderate
P0171,Smart Watch 171,Watches,Smart Watch,22490,3.7,79486,0.11,78,18.52,3.45,80.15,59.09,18.52,60.45,Moderate
P0212,Smartphone 212,Mobile,Smartphone,22957,4.9,71711,0.083,89,21.05,3.42,72.31,67.42,21.05,60.35,Moderate
P0415,Fitness Band 415,Wearables,Fitness Band,30524,4.2,66586,0.029,97,21.57,3.62,67.14,73.48,21.57,60.25,Moderate
P0433,Smart Fan 433,Home Appliances,Smart Fan,36404,3.2,68246,0.125,95,20.22,3.4,68.82,71.97,20.22,60.2,Moderate
P0050,Analog Watch 50,Watches,Analog Watch,15341,4.8,68389,0.075,94,20.79,3.5,68.96,71.21,20.79,60.12,Moderate
P0360,Analog Watch 360,Watches,Analog Watch,47812,4.2,68240,0.122,96,18.18,3.51,68.81,72.73,18.18,60.06,Moderate
P0059,Air Purifier 59,Home Appliances,Air Purifier,4295,3.8,60098,0.056,108,19.63,3.54,60.6,81.82,19.63,59.83,Moderate
P0487,Air Purifier 487,Home Appliances,Air Purifier,38792,4.1,55966,0.077,107,29.79,3.32,56.43,81.06,29.79,59.72,Moderate
P0407,Fitness Band 407,Wearables,Fitness Band,1763,3.5,62010,0.129,99,26.37,3.41,62.53,75.0,26.37,59.66,Moderate
P0088,Air Purifier 88,Home Appliances,Air Purifier,13293,4.3,65838,0.098,94,24.21,3.38,66.39,71.21,24.21,59.64,Moderate
P0140,Smartphone 140,Mobile,Smartphone,6005,3.4,67340,0.037,92,22.81,3.44,67.9,69.7,22.81,59.51,Moderate
P0354,Smartphone 354,Mobile,Smartphone,7285,4.2,64849,0.032,99,18.69,3.57,65.39,75.0,18.69,59.41,Moderate
P0264,Tablet 264,Mobile,Tablet,49160,4.0,75981,0.119,76,23.6,3.38,76.62,57.58,23.6,59.35,Moderate
P0270,Smart Watch 270,Watches,Smart Watch,7462,4.1,68499,0.088,96,13.59,3.55,69.07,72.73,13.59,59.26,Moderate
P0155,Tablet 155,Mobile,Tablet,13715,4.8,58249,0.075,111,16.96,3.65,58.74,84.09,16.96,59.26,Moderate
P0450,Fitness Band 450,Wearables,Fitness Band,3402,4.1,71236,0.076,88,17.78,3.46,71.83,66.67,17.78,59.21,Moderate
P0227,Smart Ring 227,Wearables,Smart Ring,35860,3.6,60875,0.058,100,24.75,3.46,61.39,75.76,24.75,59.09,Moderate
P0427,Analog Watch 427,Watches,Analog Watch,19291,3.4,77044,0.128,80,14.46,3.54,77.69,60.61,14.46,59.06,Moderate
P0328,Smartphone 328,Mobile,Smartphone,6977,4.8,52436,0.082,114,24.79,3.33,52.88,86.36,24.79,58.98,Moderate
P0294,Smart Ring 294,Wearables,Smart Ring,15275,4.6,65343,0.048,94,22.03,3.43,65.89,71.21,22.03,58.98,Moderate
P0152,Wireless Earbuds 152,Audio,Wireless Earbuds,6057,4.5,67043,0.118,92,20.65,3.46,67.6,69.7,20.65,58.95,Moderate
P0435,Bluetooth Speaker 435,Audio,Bluetooth Speaker,42255,4.7,56101,0.127,105,28.16,3.23,56.57,79.55,28.16,58.93,Moderate
P0025,Smart Watch 25,Watches,Smart Watch,25836,3.9,60138,0.05,104,20.0,3.52,60.64,78.79,20.0,58.86,Moderate
P0233,Air Purifier 233,Home Appliances,Air Purifier,20653,4.5,62565,0.044,96,24.74,3.45,63.09,72.73,24.74,58.79,Moderate
P0092,Fitness Band 92,Wearables,Fitness Band,5575,4.5,54887,0.058,110,23.21,3.5,55.35,83.33,23.21,58.71,Moderate
P0359,Smart Light 359,Home Appliances,Smart Light,28435,4.4,62736,0.09,98,21.05,3.48,63.26,74.24,21.05,58.66,Moderate
P0076,Smart Fan 76,Home Appliances,Smart Fan,23328,3.3,63116,0.026,101,15.69,3.66,63.64,76.52,15.69,58.56,Moderate
P0254,Tablet 254,Mobile,Tablet,22389,3.7,59554,0.079,104,18.63,3.6,60.05,78.79,18.63,58.33,Moderate
P0122,Smart Fan 122,Home Appliances,Smart Fan,28936,4.0,58638,0.02,100,26.04,3.31,59.13,75.76,26.04,58.33,Moderate
P0462,Smart Ring 462,Wearables,Smart Ring,11991,3.8,59937,0.094,101,21.51,3.56,60.44,76.52,21.51,58.28,Moderate
P0218,Tablet 218,Mobile,Tablet,41280,4.8,63176,0.031,101,13.83,3.59,63.71,76.52,13.83,58.21,Moderate
P0017,Bluetooth Speaker 17,Audio,Bluetooth Speaker,48836,4.4,52796,0.149,109,26.67,3.34,53.24,82.58,26.67,58.19,Moderate
P0302,Bluetooth Speaker 302,Audio,Bluetooth Speaker,10920,4.2,58484,0.13,101,24.07,3.29,58.97,76.52,24.07,58.13,Moderate
P0411,Smart Fan 411,Home Appliances,Smart Fan,24812,4.6,60066,0.056,99,23.01,3.41,60.57,75.0,23.01,58.11,Moderate
P0221,Tablet 221,Mobile,Tablet,8617,4.4,64571,0.023,92,21.93,3.57,65.11,69.7,21.93,58.08,Moderate
P0276,Fitness Watch 276,Watches,Fitness Watch,41246,4.0,56802,0.064,106,20.0,3.43,57.28,80.3,20.0,57.88,Moderate
P0478,Smart Fan 478,Home Appliances,Smart Fan,38677,3.5,66853,0.025,83,27.0,3.31,67.41,62.88,27.0,57.74,Moderate
P0420,Smart Ring 420,Wearables,Smart Ring,47553,3.8,63463,0.092,95,18.52,3.45,63.99,71.97,18.52,57.69,Moderate
P0465,Fitness Band 465,Wearables,Fitness Band,45470,4.1,49046,0.132,113,26.79,3.28,49.46,85.61,26.79,57.58,Moderate
P0346,Smart Ring 346,Wearables,Smart Ring,41067,4.2,65535,0.03,94,14.46,3.72,66.08,71.21,14.46,57.55,Moderate
P0133,Wireless Earbuds 133,Audio,Wireless Earbuds,41490,3.3,58579,0.103,105,15.38,3.62,59.07,79.55,15.38,57.5,Moderate
P0493,Air Purifier 493,Home Appliances,Air Purifier,42330,4.4,64282,0.052,90,22.11,3.43,64.82,68.18,22.11,57.45,Moderate
P0102,Smart Light 102,Home Appliances,Smart Light,10379,4.3,60736,0.046,99,17.82,3.5,61.24,75.0,17.82,57.37,Moderate
P0200,Bluetooth Speaker 200,Audio,Bluetooth Speaker,42223,4.5,50332,0.031,116,18.68,3.53,50.75,87.88,18.68,57.33,Moderate
P0464,Smart Light 464,Home Appliances,Smart Light,40309,4.5,66472,0.115,86,21.25,3.51,67.03,65.15,21.25,57.22,Moderate
P0016,Air Purifier 16,Home Appliances,Air Purifier,35911,3.4,62796,0.143,91,22.45,3.59,63.32,68.94,22.45,57.11,Moderate
P0080,Wireless Earbuds 80,Audio,Wireless Earbuds,37175,3.2,59548,0.107,99,18.56,3.59,60.05,75.0,18.56,56.98,Moderate
P0323,Smart Watch 323,Watches,Smart Watch,35062,4.7,60591,0.146,97,18.63,3.4,61.1,73.48,18.63,56.94,Moderate
P0174,Tablet 174,Mobile,Tablet,38174,3.5,59472,0.143,95,23.58,3.44,59.97,71.97,23.58,56.89,Moderate
P0147,Fitness Band 147,Wearables,Fitness Band,24848,3.7,54078,0.118,104,23.53,3.38,54.53,78.79,23.53,56.82,Moderate
P0245,Smart Ring 245,Wearables,Smart Ring,44206,3.2,72805,0.068,80,12.77,3.57,73.42,60.61,12.77,56.8,Moderate
P0286,Fitness Band 286,Wearables,Fitness Band,48119,3.6,56225,0.024,102,20.56,3.51,56.7,77.27,20.56,56.67,Moderate
P0006,Headphones 6,Audio,Headphones,6229,4.7,50323,0.049,106,28.24,3.29,50.74,80.3,28.24,56.59,Moderate
P0267,Smartphone 267,Mobile,Smartphone,47873,3.8,59360,0.149,93,24.73,3.33,59.86,70.45,24.73,56.54,Moderate
P0104,Smartphone 104,Mobile,Smartphone,26211,3.4,50486,0.09,107,26.09,3.43,50.91,81.06,26.09,56.5,Moderate
P0481,Bluetooth Speaker 481,Audio,Bluetooth Speaker,46952,3.7,46781,0.082,114,25.0,3.33,47.17,86.36,25.0,56.46,Moderate
P0214,Fitness Band 214,Wearables,Fitness Band,12501,4.3,53648,0.126,104,22.58,3.38,54.1,78.79,22.58,56.44,Moderate
P0172,Air Purifier 172,Home Appliances,Air Purifier,48632,3.8,57508,0.048,96,23.53,3.59,57.99,72.73,23.53,56.26,Moderate
P0166,Smart Ring 166,Wearables,Smart Ring,43126,4.5,61399,0.147,91,20.18,3.53,61.91,68.94,20.18,56.03,Moderate
P0287,Analog Watch 287,Watches,Analog Watch,18223,4.6,58049,0.131,98,18.45,3.49,58.54,74.24,18.45,56.02,Moderate
P0005,Air Purifier 5,Home Appliances,Air Purifier,37178,4.3,47900,0.091,111,24.17,3.32,48.3,84.09,24.17,56.0,Moderate
P0332,Smart Watch 332,Watches,Smart Watch,31211,4.8,57274,0.125,99,18.28,3.53,57.75,75.0,18.28,55.9,Moderate
P0040,Analog Watch 40,Watches,Analog Watch,3537,3.6,60832,0.059,89,23.33,3.44,61.34,67.42,23.33,55.87,Moderate
P0442,Smartphone 442,Mobile,Smartphone,49590,3.8,54587,0.137,99,23.96,3.35,55.04,75.0,23.96,55.81,Moderate
P0049,Smart Fan 49,Home Appliances,Smart Fan,42272,4.4,50828,0.079,104,25.53,3.52,51.25,78.79,25.53,55.75,Moderate
P0369,Air Purifier 369,Home Appliances,Air Purifier,27684,4.5,49509,0.125,112,17.82,3.55,49.92,84.85,17.82,55.73,Moderate
P0458,Headphones 458,Audio,Headphones,22641,4.0,63259,0.077,87,19.57,3.48,63.79,65.91,19.57,55.69,Moderate
P0456,Bluetooth Speaker 456,Audio,Bluetooth Speaker,27597,4.7,64313,0.121,89,14.29,3.63,64.85,67.42,14.29,55.64,Moderate
P0173,Smartphone 173,Mobile,Smartphone,3040,4.2,57932,0.015,94,21.43,3.56,58.42,71.21,21.43,55.5,Moderate
P0253,Bluetooth Speaker 253,Audio,Bluetooth Speaker,48458,4.5,45832,0.018,114,20.43,3.6,46.22,86.36,20.43,55.11,Moderate
P0188,Headphones 188,Audio,Headphones,40758,4.7,42353,0.113,119,21.05,3.44,42.71,90.15,21.05,54.98,Moderate
P0317,Smart Light 317,Home Appliances,Smart Light,21967,3.3,49364,0.027,100,30.0,3.22,49.78,75.76,30.0,54.92,Moderate
P0238,Air Purifier 238,Home Appliances,Air Purifier,37181,3.7,61612,0.085,80,28.0,3.29,62.13,60.61,28.0,54.77,Moderate
P0021,Wireless Earbuds 21,Audio,Wireless Earbuds,7352,3.8,54383,0.075,94,25.49,3.36,54.84,71.21,25.49,54.7,Moderate
P0109,Smart Fan 109,Home Appliances,Smart Fan,49926,4.6,61885,0.145,88,16.33,3.61,62.4,66.67,16.33,54.68,Moderate
P0036,Smart Watch 36,Watches,Smart Watch,46286,4.1,48893,0.092,103,25.47,3.25,49.3,78.03,25.47,54.59,Moderate
P0402,Wireless Earbuds 402,Audio,Wireless Earbuds,27265,4.0,51056,0.107,101,22.64,3.42,51.48,76.52,22.64,54.48,Moderate
P0494,Fitness Watch 494,Watches,Fitness Watch,11704,4.6,62960,0.127,85,15.79,3.71,63.49,64.39,15.79,54.27,Moderate
P0321,Smart Ring 321,Wearables,Smart Ring,42677,4.7,44411,0.01,108,27.36,3.41,44.78,81.82,27.36,54.26,Moderate
P0095,Analog Watch 95,Watches,Analog Watch,49804,4.8,50468,0.064,103,20.2,3.54,50.89,78.03,20.2,54.25,Moderate
P0452,Bluetooth Speaker 452,Audio,Bluetooth Speaker,45837,4.1,58987,0.032,92,15.31,3.67,59.48,69.7,15.31,54.22,Moderate
P0252,Smartphone 252,Mobile,Smartphone,37959,4.6,51507,0.105,98,23.71,3.27,51.94,74.24,23.71,54.1,Moderate
P0439,Smartphone 439,Mobile,Smartphone,19449,3.9,52288,0.125,99,20.43,3.45,52.73,75.0,20.43,54.06,Moderate
P0108,Wireless Earbuds 108,Audio,Wireless Earbuds,9661,4.7,48453,0.084,101,26.4,3.26,48.86,76.52,26.4,54.05,Moderate
P0197,Fitness Band 197,Wearables,Fitness Band,22493,3.7,52005,0.149,95,26.04,3.23,52.44,71.97,26.04,54.0,Moderate
P0085,Fitness Band 85,Wearables,Fitness Band,12481,4.3,36958,0.035,124,20.87,3.62,37.27,93.94,20.87,53.82,Low Demand + High Problem
P0382,Smart Watch 382,Watches,Smart Watch,24283,4.7,55612,0.12,87,27.37,3.25,56.08,65.91,27.37,53.78,Moderate
P0418,Smart Fan 418,Home Appliances,Smart Fan,20278,3.4,54599,0.094,84,32.61,3.13,55.06,63.64,32.61,53.57,Moderate
P0306,Fitness Band 306,Wearables,Fitness Band,35621,3.2,47829,0.141,105,20.0,3.43,48.23,79.55,20.0,53.54,Moderate
P0063,Fitness Band 63,Wearables,Fitness Band,21444,4.7,49692,0.066,107,12.64,3.67,50.11,81.06,12.64,53.45,Moderate
P0119,Wireless Earbuds 119,Audio,Wireless Earbuds,24477,3.6,42937,0.012,104,31.78,3.12,43.3,78.79,31.78,53.42,Moderate
P0468,Fitness Band 468,Wearables,Fitness Band,25577,4.4,41905,0.067,110,25.77,3.27,42.26,83.33,25.77,53.34,Moderate
P0424,Smart Ring 424,Wearables,Smart Ring,46412,4.8,51297,0.068,98,20.0,3.57,51.73,74.24,20.0,53.26,Moderate
P0391,Smart Light 391,Home Appliances,Smart Light,9768,4.7,47587,0.115,103,21.65,3.47,47.99,78.03,21.65,53.23,Moderate
P0116,Smart Fan 116,Home Appliances,Smart Fan,13439,4.8,60100,0.023,86,15.22,3.57,60.6,65.15,15.22,53.12,Moderate
P0223,Smartphone 223,Mobile,Smartphone,49877,3.3,56034,0.058,94,13.68,3.58,56.5,71.21,13.68,53.09,Moderate
P0053,Tablet 53,Mobile,Tablet,6077,3.6,44520,0.055,104,26.09,3.4,44.89,78.79,26.09,53.0,Moderate
P0041,Headphones 41,Audio,Headphones,22512,3.3,37085,0.059,116,27.0,3.43,37.4,87.88,27.0,52.99,Low Demand + High Problem
P0279,Tablet 279,Mobile,Tablet,41459,4.3,39486,0.139,114,24.07,3.44,39.82,86.36,24.07,52.96,Low Demand + High Problem
P0406,Fitness Band 406,Wearables,Fitness Band,29367,3.6,45818,0.103,104,21.88,3.43,46.2,78.79,21.88,52.74,Moderate
P0417,Smart Light 417,Home Appliances,Smart Light,40357,3.7,50918,0.069,98,17.98,3.53,51.34,74.24,17.98,52.69,Moderate
P0351,Tablet 351,Mobile,Tablet,7863,3.5,49712,0.033,94,25.93,3.43,50.13,71.21,25.93,52.67,Moderate
P0044,Fitness Band 44,Wearables,Fitness Band,24869,4.8,43779,0.097,107,21.98,3.46,44.15,81.06,21.98,52.63,Moderate
P0128,Smart Light 128,Home Appliances,Smart Light,4371,4.2,46590,0.025,106,16.25,3.52,46.98,80.3,16.25,52.5,Moderate
P0189,Smartphone 189,Mobile,Smartphone,21913,3.4,59429,0.045,77,24.51,3.29,59.93,58.33,24.51,52.29,Moderate
P0083,Air Purifier 83,Home Appliances,Air Purifier,31716,4.4,36183,0.08,117,23.39,3.4,36.49,88.64,23.39,52.12,Low Demand + High Problem
P0349,Smart Fan 349,Home Appliances,Smart Fan,49010,3.5,54766,0.079,88,19.44,3.45,55.22,66.67,19.44,52.07,Moderate
P0319,Smart Ring 319,Wearables,Smart Ring,1522,3.7,40334,0.114,106,28.3,3.33,40.67,80.3,28.3,52.07,Moderate
P0132,Fitness Band 132,Wearables,Fitness Band,25654,3.8,49003,0.054,97,20.49,3.52,49.41,73.48,20.49,52.05,Moderate
P0337,Analog Watch 337,Watches,Analog Watch,40132,4.7,37322,0.018,115,22.83,3.3,37.63,87.12,22.83,51.99,Low Demand + High Problem
P0437,Tablet 437,Mobile,Tablet,26430,3.9,41971,0.012,106,23.36,3.43,42.32,80.3,23.36,51.82,Moderate
P0425,Fitness Watch 425,Watches,Fitness Watch,17471,4.7,58573,0.126,75,25.88,3.38,59.06,56.82,25.88,51.64,Moderate
P0131,Smartphone 131,Mobile,Smartphone,12888,4.2,53031,0.02,86,23.53,3.52,53.48,65.15,23.53,51.57,Moderate
P0278,Tablet 278,Mobile,Tablet,35584,3.7,51439,0.096,91,20.45,3.47,51.87,68.94,20.45,51.56,Moderate
P0412,Air Purifier 412,Home Appliances,Air Purifier,7385,3.6,45242,0.06,103,18.56,3.41,45.62,78.03,18.56,51.55,Moderate
P0160,Smart Fan 160,Home Appliances,Smart Fan,41327,3.3,34044,0.04,117,25.27,3.4,34.33,88.64,25.27,51.52,Low Demand + High Problem
P0469,Smart Ring 469,Wearables,Smart Ring,18124,3.9,48425,0.096,96,20.37,3.63,48.83,72.73,20.37,51.5,Moderate
P0065,Smart Ring 65,Wearables,Smart Ring,44353,4.1,45225,0.012,100,22.0,3.37,45.6,75.76,22.0,51.44,Moderate
P0045,Smart Ring 45,Wearables,Smart Ring,44705,3.9,39252,0.088,112,19.61,3.56,39.58,84.85,19.61,51.43,Low Demand + High Problem
P0453,Smartphone 453,Mobile,Smartphone,15340,3.6,35149,0.062,116,23.33,3.32,35.44,87.88,23.33,51.37,Low Demand + High Problem
P0296,Headphones 296,Audio,Headphones,30918,4.8,27018,0.149,127,26.72,3.34,27.24,96.21,26.72,51.28,Low Demand + High Problem
P0476,Wireless Earbuds 476,Audio,Wireless Earbuds,19083,3.8,52292,0.067,88,19.57,3.36,52.73,66.67,19.57,50.98,Moderate
P0169,Analog Watch 169,Watches,Analog Watch,29636,4.5,51178,0.057,86,24.21,3.51,51.61,65.15,24.21,50.87,Moderate
P0289,Smart Ring 289,Wearables,Smart Ring,35883,4.1,42921,0.147,99,25.0,3.31,43.28,75.0,25.0,50.73,Moderate
P0219,Smart Ring 219,Wearables,Smart Ring,36226,4.6,32935,0.105,113,28.71,3.15,33.21,85.61,28.71,50.65,Low Demand + High Problem
P0499,Tablet 499,Mobile,Tablet,47558,4.3,36053,0.134,109,26.53,3.36,36.36,82.58,26.53,50.57,Low Demand + High Problem
P0042,Smart Watch 42,Watches,Smart Watch,18118,4.8,35295,0.015,112,23.85,3.4,35.59,84.85,23.85,50.48,Low Demand + High Problem
P0384,Bluetooth Speaker 384,Audio,Bluetooth Speaker,8852,3.8,39606,0.068,102,26.85,3.33,39.94,77.27,26.85,50.39,Low Demand + High Problem
P0195,Fitness Band 195,Wearables,Fitness Band,9432,3.9,44944,0.088,95,23.66,3.49,45.32,71.97,23.66,50.32,Moderate
P0134,Smartphone 134,Mobile,Smartphone,34577,3.9,37625,0.105,106,25.45,3.35,37.94,80.3,25.45,50.27,Low Demand + High Problem
P0303,Fitness Watch 303,Watches,Fitness Watch,48841,4.8,41722,0.121,98,26.14,3.38,42.07,74.24,26.14,50.15,Moderate
P0447,Smartphone 447,Mobile,Smartphone,15517,4.3,36764,0.128,105,27.96,3.25,37.07,79.55,27.96,50.12,Low Demand + High Problem
P0106,Bluetooth Speaker 106,Audio,Bluetooth Speaker,24089,3.5,33350,0.105,114,23.53,3.22,33.63,86.36,23.53,50.07,Low Demand + High Problem
P0120,Smart Light 120,Home Appliances,Smart Light,8448,4.0,47953,0.082,95,15.15,3.48,48.35,71.97,15.15,49.98,Moderate
P0035,Smartphone 35,Mobile,Smartphone,1232,3.4,34835,0.033,113,20.79,3.46,35.13,85.61,20.79,49.93,Low Demand + High Problem
P0446,Tablet 446,Mobile,Tablet,46446,4.2,48274,0.123,91,19.23,3.59,48.68,68.94,19.23,49.88,Moderate
P0060,Smartphone 60,Mobile,Smartphone,31822,4.1,46370,0.041,89,25.56,3.3,46.76,67.42,25.56,49.75,Moderate
P0467,Air Purifier 467,Home Appliances,Air Purifier,6493,4.7,54062,0.046,75,25.84,3.44,54.52,56.82,25.84,49.59,Moderate
P0098,Analog Watch 98,Watches,Analog Watch,45194,3.8,42005,0.098,94,26.92,3.38,42.36,71.21,26.92,49.37,Moderate
P0320,Smart Ring 320,Wearables,Smart Ring,13807,4.1,32629,0.031,112,23.42,3.4,32.9,84.85,23.42,49.19,Low Demand + High Problem
P0247,Bluetooth Speaker 247,Audio,Bluetooth Speaker,35501,3.8,52522,0.021,78,22.73,3.47,52.96,59.09,22.73,49.06,Moderate
P0114,Smart Light 114,Home Appliances,Smart Light,7489,4.2,37166,0.015,108,17.48,3.49,37.48,81.82,17.48,49.0,Low Demand + High Problem
P0357,Tablet 357,Mobile,Tablet,25209,3.3,58137,0.075,75,13.64,3.61,58.62,56.82,13.64,49.0,Moderate
P0348,Analog Watch 348,Watches,Analog Watch,14741,3.3,34140,0.12,115,14.58,3.68,34.43,87.12,14.58,48.9,Low Demand + High Problem
P0305,Fitness Band 305,Wearables,Fitness Band,26673,3.3,31870,0.079,115,19.47,3.47,32.14,87.12,19.47,48.85,Low Demand + High Problem
P0148,Analog Watch 148,Watches,Analog Watch,7193,3.9,33529,0.111,106,27.18,3.21,33.81,80.3,27.18,48.76,Low Demand + High Problem
P0087,Tablet 87,Mobile,Tablet,37051,3.3,33582,0.055,115,15.04,3.65,33.86,87.12,15.04,48.74,Low Demand + High Problem
P0215,Smart Light 215,Home Appliances,Smart Light,7251,3.4,42915,0.141,97,17.2,3.41,43.27,73.48,17.2,48.63,Moderate
P0327,Smart Fan 327,Home Appliances,Smart Fan,8858,4.6,40374,0.126,97,22.61,3.36,40.71,73.48,22.61,48.56,Moderate
P0091,Tablet 91,Mobile,Tablet,28229,4.9,32446,0.074,106,28.57,3.27,32.72,80.3,28.57,48.54,Low Demand + High Problem
P0168,Smart Ring 168,Wearables,Smart Ring,17601,4.3,38001,0.06,96,28.87,3.41,38.32,72.73,28.87,48.47,Low Demand + High Problem
P0367,Smart Fan 367,Home Appliances,Smart Fan,25408,4.6,40222,0.054,100,17.71,3.48,40.56,75.76,17.71,48.31,Moderate
P0284,Wireless Earbuds 284,Audio,Wireless Earbuds,38053,4.5,38784,0.015,99,22.22,3.36,39.11,75.0,22.22,48.29,Low Demand + High Problem
P0213,Wireless Earbuds 213,Audio,Wireless Earbuds,22671,4.0,34220,0.111,107,21.05,3.36,34.51,81.06,21.05,48.11,Low Demand + High Problem
P0495,Tablet 495,Mobile,Tablet,24613,4.8,34279,0.058,105,23.3,3.38,34.57,79.55,23.3,48.06,Low Demand + High Problem
P0207,Wireless Earbuds 207,Audio,Wireless Earbuds,36296,4.2,36101,0.029,99,26.47,3.34,36.4,75.0,26.47,47.93,Low Demand + High Problem
P0022,Analog Watch 22,Watches,Analog Watch,48724,4.7,33091,0.037,108,20.95,3.46,33.37,81.82,20.95,47.84,Low Demand + High Problem
P0310,Fitness Band 310,Wearables,Fitness Band,21327,4.4,31778,0.018,109,22.32,3.39,32.04,82.58,22.32,47.79,Low Demand + High Problem
P0030,Tablet 30,Mobile,Tablet,9577,3.7,41941,0.14,93,20.37,3.48,42.29,70.45,20.37,47.76,Moderate
P0145,Fitness Band 145,Wearables,Fitness Band,30473,4.2,25172,0.055,117,25.89,3.29,25.38,88.64,25.89,47.62,Low Demand + High Problem
P0176,Smart Light 176,Home Appliances,Smart Light,26361,3.4,34616,0.109,102,24.35,3.42,34.91,77.27,24.35,47.62,Low Demand + High Problem
P0194,Air Purifier 194,Home Appliances,Air Purifier,38373,3.8,38327,0.02,98,20.48,3.35,38.65,74.24,20.48,47.47,Low Demand + High Problem
P0038,Tablet 38,Mobile,Tablet,41675,4.8,31529,0.131,111,18.09,3.53,31.79,84.09,18.09,47.36,Low Demand + High Problem
P0029,Smart Light 29,Home Appliances,Smart Light,39251,3.7,34679,0.039,104,20.0,3.51,34.97,78.79,20.0,47.31,Low Demand + High Problem
P0180,Smart Light 180,Home Appliances,Smart Light,9504,3.3,41039,0.066,93,19.75,3.62,41.38,70.45,19.75,47.23,Moderate
P0162,Smart Light 162,Home Appliances,Smart Light,36130,4.1,32211,0.111,109,17.89,3.49,32.48,82.58,17.89,47.1,Low Demand + High Problem
P0079,Smartphone 79,Mobile,Smartphone,40952,3.4,27735,0.098,106,32.04,3.23,27.97,80.3,32.04,47.1,Low Demand + High Problem
P0204,Wireless Earbuds 204,Audio,Wireless Earbuds,19284,3.6,39508,0.118,87,30.49,3.29,39.84,65.91,30.49,47.09,Moderate
P0377,Smart Ring 377,Wearables,Smart Ring,20560,4.0,44577,0.148,79,29.47,3.36,44.95,59.85,29.47,47.07,Moderate
P0067,Smart Fan 67,Home Appliances,Smart Fan,48908,3.7,32677,0.126,104,23.01,3.32,32.95,78.79,23.01,47.01,Low Demand + High Problem
P0395,Analog Watch 395,Watches,Analog Watch,28582,4.3,35886,0.097,100,20.88,3.4,36.19,75.76,20.88,46.98,Low Demand + High Problem
P0072,Smart Light 72,Home Appliances,Smart Light,37070,4.4,36009,0.053,101,19.09,3.51,36.31,76.52,19.09,46.94,Low Demand + High Problem
P0275,Tablet 275,Mobile,Tablet,31281,3.9,24676,0.036,117,22.73,3.48,24.88,88.64,22.73,46.77,Low Demand + High Problem
P0408,Smartphone 408,Mobile,Smartphone,22685,3.3,29690,0.087,113,15.46,3.65,29.94,85.61,15.46,46.53,Low Demand + High Problem
P0164,Smart Fan 164,Home Appliances,Smart Fan,3853,4.9,33746,0.115,102,20.69,3.4,34.03,77.27,20.69,46.5,Low Demand + High Problem
P0379,Bluetooth Speaker 379,Audio,Bluetooth Speaker,2668,4.9,34503,0.137,97,24.44,3.34,34.79,73.48,24.44,46.26,Low Demand + High Problem
P0422,Tablet 422,Mobile,Tablet,10596,4.4,39184,0.039,96,14.91,3.63,39.51,72.73,14.91,46.22,Low Demand + High Problem
P0401,Headphones 401,Audio,Headphones,24430,4.8,35667,0.133,95,23.71,3.39,35.97,71.97,23.71,46.12,Low Demand + High Problem
P0309,Fitness Band 309,Wearables,Fitness Band,19184,3.3,27133,0.146,110,22.88,3.47,27.36,83.33,22.88,46.05,Low Demand + High Problem
P0175,Fitness Band 175,Wearables,Fitness Band,35698,3.7,37028,0.045,95,19.15,3.48,37.34,71.97,19.15,45.82,Low Demand + High Problem
P0226,Bluetooth Speaker 226,Audio,Bluetooth Speaker,26759,4.4,29688,0.127,105,22.22,3.37,29.94,79.55,22.22,45.76,Low Demand + High Problem
P0015,Smart Ring 15,Wearables,Smart Ring,33021,4.8,40806,0.044,92,13.54,3.47,41.15,69.7,13.54,45.62,Moderate
P0071,Smart Watch 71,Watches,Smart Watch,20283,4.4,40635,0.103,87,20.48,3.47,40.98,65.91,20.48,45.6,Moderate
P0179,Fitness Band 179,Wearables,Fitness Band,8953,4.5,31529,0.121,98,26.47,3.32,31.79,74.24,26.47,45.59,Low Demand + High Problem
P0459,Smart Watch 459,Watches,Smart Watch,3827,4.2,18158,0.098,121,26.26,3.33,18.31,91.67,26.26,45.57,Low Demand + High Problem
P0070,Smart Watch 70,Watches,Smart Watch,48190,4.1,31999,0.107,105,15.97,3.5,32.27,79.55,15.97,45.56,Low Demand + High Problem
P0097,Fitness Watch 97,Watches,Fitness Watch,10447,4.3,20732,0.02,114,28.93,3.33,20.91,86.36,28.93,45.42,Low Demand + High Problem
P0136,Tablet 136,Mobile,Tablet,8863,4.5,23528,0.028,108,29.52,3.27,23.73,81.82,29.52,45.22,Low Demand + High Problem
P0292,Smart Fan 292,Home Appliances,Smart Fan,5949,4.7,12702,0.066,132,21.92,3.4,12.81,100.0,21.92,45.15,Low Demand + High Problem
P0350,Analog Watch 350,Watches,Analog Watch,38883,4.4,21819,0.073,117,20.0,3.51,22.0,88.64,20.0,44.92,Low Demand + High Problem
P0335,Headphones 335,Audio,Headphones,14071,4.6,33156,0.098,97,20.21,3.36,33.43,73.48,20.21,44.81,Low Demand + High Problem
P0500,Wireless Earbuds 500,Audio,Wireless Earbuds,2513,3.6,33483,0.142,92,25.74,3.3,33.76,69.7,25.74,44.74,Moderate
P0496,Fitness Band 496,Wearables,Fitness Band,38804,4.3,23377,0.147,111,23.47,3.44,23.57,84.09,23.47,44.73,Low Demand + High Problem
P0333,Smart Light 333,Home Appliances,Smart Light,28961,3.6,25030,0.048,114,14.81,3.58,25.24,86.36,14.81,44.55,Low Demand + High Problem
P0429,Smart Ring 429,Wearables,Smart Ring,5776,3.7,29330,0.144,96,28.57,3.33,29.58,72.73,28.57,44.48,Low Demand + High Problem
P0118,Bluetooth Speaker 118,Audio,Bluetooth Speaker,1185,4.9,17538,0.086,119,24.14,3.33,17.68,90.15,24.14,44.34,Low Demand + High Problem
P0004,Headphones 4,Audio,Headphones,7698,3.4,45582,0.095,74,18.87,3.59,45.96,56.06,18.87,44.08,Moderate
P0143,Headphones 143,Audio,Headphones,5475,4.3,36502,0.093,85,24.21,3.4,36.81,64.39,24.21,43.94,Moderate
P0201,Fitness Band 201,Wearables,Fitness Band,13503,3.7,20348,0.068,112,24.0,3.4,20.52,84.85,24.0,43.73,Low Demand + High Problem
P0241,Wireless Earbuds 241,Audio,Wireless Earbuds,22618,4.2,32708,0.08,94,19.79,3.46,32.98,71.21,19.79,43.72,Low Demand + High Problem
P0368,Headphones 368,Audio,Headphones,49740,4.6,35813,0.112,87,21.43,3.6,36.11,65.91,21.43,43.61,Moderate
P0457,Air Purifier 457,Home Appliances,Air Purifier,16072,4.3,28223,0.031,102,18.63,3.42,28.46,77.27,18.63,43.58,Low Demand + High Problem
P0272,Tablet 272,Mobile,Tablet,6626,4.8,19069,0.059,111,27.43,3.29,19.23,84.09,27.43,43.57,Low Demand + High Problem
P0107,Analog Watch 107,Watches,Analog Watch,29889,3.8,17724,0.023,115,24.27,3.33,17.87,87.12,24.27,43.39,Low Demand + High Problem
P0073,Smartphone 73,Mobile,Smartphone,49685,4.5,24767,0.037,102,24.27,3.37,24.97,77.27,24.27,43.14,Low Demand + High Problem
P0343,Tablet 343,Mobile,Tablet,39405,3.7,18384,0.147,114,22.45,3.35,18.54,86.36,22.45,43.06,Low Demand + High Problem
P0135,Smart Watch 135,Watches,Smart Watch,26903,3.3,27294,0.052,101,18.97,3.58,27.52,76.52,18.97,42.96,Low Demand + High Problem
P0141,Wireless Earbuds 141,Audio,Wireless Earbuds,10597,3.5,20536,0.116,107,26.13,3.35,20.71,81.06,26.13,42.92,Low Demand + High Problem
P0484,Bluetooth Speaker 484,Audio,Bluetooth Speaker,16863,3.6,27077,0.127,97,24.53,3.48,27.3,73.48,24.53,42.91,Low Demand + High Problem
P0013,Smart Ring 13,Wearables,Smart Ring,43006,3.7,21230,0.074,106,25.64,3.5,21.41,80.3,25.64,42.87,Low Demand + High Problem
P0158,Smartphone 158,Mobile,Smartphone,28190,4.1,31403,0.064,93,18.69,3.46,31.67,70.45,18.69,42.65,Low Demand + High Problem
P0048,Smart Watch 48,Watches,Smart Watch,45092,4.6,19813,0.013,106,27.27,3.32,19.98,80.3,27.27,42.55,Low Demand + High Problem
P0489,Headphones 489,Audio,Headphones,39076,3.8,34539,0.036,83,24.0,3.43,34.83,62.88,24.0,42.48,Moderate
P0414,Wireless Earbuds 414,Audio,Wireless Earbuds,26748,4.6,25479,0.11,101,20.65,3.47,25.69,76.52,20.65,42.47,Low Demand + High Problem
P0259,Smart Fan 259,Home Appliances,Smart Fan,6550,4.2,32316,0.09,90,19.57,3.47,32.59,68.18,19.57,42.44,Moderate
P0314,Smart Light 314,Home Appliances,Smart Light,24601,4.7,22373,0.061,104,23.2,3.36,22.56,78.79,23.2,42.37,Low Demand + High Problem
P0066,Smart Fan 66,Home Appliances,Smart Fan,42653,4.0,20552,0.071,109,20.45,3.53,20.72,82.58,20.45,42.32,Low Demand + High Problem
P0330,Smart Watch 330,Watches,Smart Watch,5041,4.9,17633,0.038,113,21.3,3.49,17.78,85.61,21.3,42.22,Low Demand + High Problem
P0399,Analog Watch 399,Watches,Analog Watch,43227,4.9,39300,0.047,73,24.3,3.42,39.63,55.3,24.3,42.05,Moderate
P0231,Smartphone 231,Mobile,Smartphone,44267,3.9,36564,0.019,81,19.63,3.5,36.87,61.36,19.63,41.99,Moderate
P0430,Smart Light 430,Home Appliances,Smart Light,36195,3.8,28464,0.103,87,30.0,3.37,28.7,65.91,30.0,41.98,Moderate
P0157,Smartphone 157,Mobile,Smartphone,11506,4.7,19813,0.126,101,31.0,3.29,19.98,76.52,31.0,41.97,Low Demand + High Problem
P0130,Fitness Band 130,Wearables,Fitness Band,40911,4.6,35554,0.014,82,19.79,3.52,35.85,62.12,19.79,41.83,Moderate
P0274,Smart Watch 274,Watches,Smart Watch,23483,4.4,22042,0.14,101,24.21,3.37,22.23,76.52,24.21,41.62,Low Demand + High Problem
P0089,Fitness Band 89,Wearables,Fitness Band,19876,4.4,16415,0.014,108,27.45,3.34,16.55,81.82,27.45,41.58,Low Demand + High Problem
P0190,Smart Light 190,Home Appliances,Smart Light,28402,4.7,21432,0.124,96,31.76,3.19,21.61,72.73,31.76,41.53,Low Demand + High Problem
P0093,Tablet 93,Mobile,Tablet,39465,4.3,19976,0.073,108,18.85,3.52,20.14,81.82,18.85,41.47,Low Demand + High Problem
P0371,Wireless Earbuds 371,Audio,Wireless Earbuds,30913,3.8,26597,0.048,95,20.62,3.51,26.82,71.97,20.62,41.38,Low Demand + High Problem
P0181,Smart Light 181,Home Appliances,Smart Light,5833,3.7,10220,0.073,121,22.68,3.35,10.31,91.67,22.68,41.26,Low Demand + High Problem
P0490,Smart Light 490,Home Appliances,Smart Light,23485,4.0,28094,0.069,92,19.75,3.57,28.33,69.7,19.75,41.09,Moderate
P0138,Smart Fan 138,Home Appliances,Smart Fan,8548,4.8,23027,0.122,102,17.76,3.48,23.22,77.27,17.76,41.05,Low Demand + High Problem
P0019,Fitness Watch 19,Watches,Fitness Watch,42359,3.3,4617,0.13,129,23.76,3.46,4.66,97.73,23.76,41.05,Low Demand + High Problem
P0003,Smart Light 3,Home Appliances,Smart Light,19231,3.2,21426,0.108,101,22.0,3.54,21.61,76.52,22.0,40.9,Low Demand + High Problem
P0260,Headphones 260,Audio,Headphones,20734,3.4,22416,0.071,100,19.81,3.42,22.6,75.76,19.81,40.65,Low Demand + High Problem
P0034,Bluetooth Speaker 34,Audio,Bluetooth Speaker,42565,4.1,33414,0.137,82,18.28,3.52,33.69,62.12,18.28,40.56,Moderate
P0461,Headphones 461,Audio,Headphones,40749,4.7,22856,0.041,94,26.0,3.26,23.05,71.21,26.0,40.5,Low Demand + High Problem
P0101,Bluetooth Speaker 101,Audio,Bluetooth Speaker,28004,4.5,22780,0.035,93,26.67,3.3,22.97,70.45,26.67,40.33,Low Demand + High Problem
P0444,Fitness Band 444,Wearables,Fitness Band,20048,3.6,26375,0.112,88,24.68,3.32,26.6,66.67,24.68,40.24,Moderate
P0090,Smartphone 90,Mobile,Smartphone,37192,3.6,15371,0.075,108,23.0,3.35,15.5,81.82,23.0,40.21,Low Demand + High Problem
P0397,Fitness Band 397,Wearables,Fitness Band,24456,3.7,5664,0.087,117,33.05,3.21,5.71,88.64,33.05,40.2,Low Demand + High Problem
P0325,Tablet 325,Mobile,Tablet,30671,3.3,27069,0.029,86,24.59,3.42,27.3,65.15,24.59,40.0,Moderate
P0184,Smart Ring 184,Wearables,Smart Ring,9203,4.2,12745,0.08,114,18.95,3.43,12.85,86.36,18.95,39.8,Low Demand + High Problem
P0185,Smart Ring 185,Wearables,Smart Ring,37937,4.7,11146,0.016,112,25.0,3.47,11.24,84.85,25.0,39.75,Low Demand + High Problem
P0421,Air Purifier 421,Home Appliances,Air Purifier,35257,3.8,7455,0.104,116,27.78,3.31,7.52,87.88,27.78,39.7,Low Demand + High Problem
P0277,Smartphone 277,Mobile,Smartphone,38837,4.7,25005,0.061,93,18.45,3.55,25.21,70.45,18.45,39.7,Low Demand + High Problem
P0024,Fitness Band 24,Wearables,Fitness Band,7112,4.6,22298,0.067,100,15.22,3.67,22.48,75.76,15.22,39.68,Low Demand + High Problem
P0416,Smart Ring 416,Wearables,Smart Ring,39346,4.1,23726,0.107,90,25.26,3.4,23.92,68.18,25.26,39.68,Moderate
P0361,Air Purifier 361,Home Appliances,Air Purifier,11955,4.6,17039,0.016,102,24.24,3.27,17.18,77.27,24.24,39.63,Low Demand + High Problem
P0151,Smart Ring 151,Wearables,Smart Ring,2194,3.5,28574,0.058,88,16.25,3.48,28.81,66.67,16.25,39.55,Moderate
P0246,Fitness Watch 246,Watches,Fitness Watch,46734,4.6,23996,0.025,95,17.14,3.5,24.2,71.97,17.14,39.51,Low Demand + High Problem
P0251,Fitness Band 251,Wearables,Fitness Band,12754,3.7,27652,0.092,87,18.52,3.51,27.88,65.91,18.52,39.32,Moderate
P0385,Tablet 385,Mobile,Tablet,38316,4.9,19272,0.054,96,25.23,3.41,19.43,72.73,25.23,39.25,Low Demand + High Problem
P0387,Fitness Band 387,Wearables,Fitness Band,33084,4.5,17461,0.096,102,20.39,3.46,17.61,77.27,20.39,39.05,Low Demand + High Problem
P0167,Fitness Watch 167,Watches,Fitness Watch,30994,3.5,26644,0.134,90,15.12,3.49,26.87,68.18,15.12,38.98,Moderate
P0082,Fitness Watch 82,Watches,Fitness Watch,15733,4.7,19143,0.02,96,23.76,3.34,19.3,72.73,23.76,38.89,Low Demand + High Problem
P0475,Fitness Watch 475,Watches,Fitness Watch,34459,3.6,22714,0.104,88,25.84,3.39,22.9,66.67,25.84,38.81,Moderate
P0426,Headphones 426,Audio,Headphones,30413,4.4,25007,0.145,90,17.78,3.64,25.22,68.18,17.78,38.77,Moderate
P0018,Smart Ring 18,Wearables,Smart Ring,8930,3.3,3257,0.092,121,24.51,3.33,3.28,91.67,24.51,38.46,Low Demand + High Problem
P0324,Air Purifier 324,Home Appliances,Air Purifier,39790,3.9,17632,0.043,102,16.81,3.55,17.78,77.27,16.81,38.41,Low Demand + High Problem
P0381,Bluetooth Speaker 381,Audio,Bluetooth Speaker,37585,3.4,17269,0.114,96,25.26,3.29,17.41,72.73,25.26,38.34,Low Demand + High Problem
P0393,Analog Watch 393,Watches,Analog Watch,42964,4.1,6868,0.093,113,26.04,3.32,6.93,85.61,26.04,38.29,Low Demand + High Problem
P0144,Smart Fan 144,Home Appliances,Smart Fan,3464,4.6,10557,0.1,108,24.0,3.47,10.65,81.82,24.0,38.23,Low Demand + High Problem
P0300,Smart Watch 300,Watches,Smart Watch,26104,4.6,14026,0.054,97,30.11,3.2,14.14,73.48,30.11,38.11,Low Demand + High Problem
P0403,Smart Watch 403,Watches,Smart Watch,46624,4.9,21392,0.025,93,18.28,3.59,21.57,70.45,18.28,38.02,Low Demand + High Problem
P0257,Analog Watch 257,Watches,Analog Watch,30146,3.7,17867,0.022,101,15.65,3.68,18.02,76.52,15.65,38.02,Low Demand + High Problem
P0313,Smart Watch 313,Watches,Smart Watch,22955,3.7,8871,0.047,111,21.65,3.34,8.95,84.09,21.65,37.79,Low Demand + High Problem
P0086,Analog Watch 86,Watches,Analog Watch,23803,3.7,14210,0.13,101,21.37,3.44,14.33,76.52,21.37,37.5,Low Demand + High Problem
P0037,Analog Watch 37,Watches,Analog Watch,24897,4.6,5729,0.136,110,27.66,3.31,5.78,83.33,27.66,37.3,Low Demand + High Problem
P0126,Tablet 126,Mobile,Tablet,11003,4.0,12457,0.126,103,21.57,3.44,12.56,78.03,21.57,37.28,Low Demand + High Problem
P0423,Air Purifier 423,Home Appliances,Air Purifier,41377,4.5,29900,0.114,75,18.75,3.6,30.15,56.82,18.75,37.2,Moderate
P0282,Smartphone 282,Mobile,Smartphone,13261,4.0,7526,0.131,108,25.45,3.28,7.59,81.82,25.45,37.14,Low Demand + High Problem
P0084,Fitness Band 84,Wearables,Fitness Band,29313,4.2,3890,0.023,119,18.95,3.63,3.92,90.15,18.95,37.11,Low Demand + High Problem
P0210,Tablet 210,Mobile,Tablet,19704,4.7,12225,0.101,100,24.73,3.43,12.33,75.76,24.73,37.01,Low Demand + High Problem
P0240,Tablet 240,Mobile,Tablet,3996,3.6,19626,0.012,89,22.0,3.33,19.79,67.42,22.0,36.9,Moderate
P0112,Smart Light 112,Home Appliances,Smart Light,20804,3.4,6443,0.142,108,26.36,3.35,6.5,81.82,26.36,36.83,Low Demand + High Problem
P0396,Fitness Watch 396,Watches,Fitness Watch,48105,3.7,14428,0.08,100,18.27,3.57,14.55,75.76,18.27,36.72,Low Demand + High Problem
P0187,Bluetooth Speaker 187,Audio,Bluetooth Speaker,27613,3.3,8352,0.032,103,27.47,3.18,8.42,78.03,27.47,36.59,Low Demand + High Problem
P0434,Analog Watch 434,Watches,Analog Watch,43698,4.1,13077,0.033,104,14.61,3.66,13.19,78.79,14.61,36.43,Low Demand + High Problem
P0322,Smart Watch 322,Watches,Smart Watch,35721,3.9,8350,0.146,106,20.75,3.42,8.42,80.3,20.75,36.05,Low Demand + High Problem
P0448,Smart Fan 448,Home Appliances,Smart Fan,24510,4.0,14764,0.035,98,16.67,3.49,14.89,74.24,16.67,36.02,Low Demand + High Problem
P0137,Analog Watch 137,Watches,Analog Watch,49630,3.2,10705,0.131,99,23.73,3.39,10.79,75.0,23.73,35.85,Low Demand + High Problem
P0443,Wireless Earbuds 443,Audio,Wireless Earbuds,41428,3.5,24270,0.104,80,17.31,3.45,24.47,60.61,17.31,35.69,Moderate
P0023,Air Purifier 23,Home Appliances,Air Purifier,19254,4.7,10380,0.072,106,13.86,3.58,10.47,80.3,13.86,35.59,Low Demand + High Problem
P0054,Wireless Earbuds 54,Audio,Wireless Earbuds,26102,4.4,8918,0.068,97,28.57,3.21,8.99,73.48,28.57,35.48,Low Demand + High Problem
P0299,Smart Ring 299,Wearables,Smart Ring,1608,3.8,16306,0.148,90,21.05,3.43,16.44,68.18,21.05,35.47,Moderate
P0249,Smart Light 249,Home Appliances,Smart Light,32195,3.2,22963,0.022,82,16.48,3.44,23.16,62.12,16.48,35.46,Moderate
P0002,Smart Watch 2,Watches,Smart Watch,7140,4.1,3978,0.089,110,21.82,3.51,4.01,83.33,21.82,35.34,Low Demand + High Problem
P0364,Bluetooth Speaker 364,Audio,Bluetooth Speaker,39530,4.8,13633,0.139,95,19.63,3.38,13.75,71.97,19.63,35.3,Low Demand + High Problem
P0436,Wireless Earbuds 436,Audio,Wireless Earbuds,31095,3.3,10100,0.018,103,16.88,3.68,10.18,78.03,16.88,35.27,Low Demand + High Problem
P0355,Analog Watch 355,Watches,Analog Watch,44386,4.0,13212,0.014,91,25.23,3.35,13.32,68.94,25.23,35.17,Moderate
P0074,Smart Watch 74,Watches,Smart Watch,20414,3.5,2354,0.109,111,23.3,3.35,2.37,84.09,23.3,35.16,Low Demand + High Problem
P0352,Smart Ring 352,Wearables,Smart Ring,47170,4.8,22126,0.095,81,17.92,3.45,22.31,61.36,17.92,35.1,Moderate
P0129,Air Purifier 129,Home Appliances,Air Purifier,8092,4.1,15558,0.117,91,19.15,3.45,15.69,68.94,19.15,35.02,Moderate
P0046,Bluetooth Speaker 46,Audio,Bluetooth Speaker,38296,4.1,553,0.053,110,27.59,3.34,0.56,83.33,27.59,34.94,Low Demand + High Problem
P0441,Smartphone 441,Mobile,Smartphone,37275,3.4,5975,0.011,100,27.85,3.11,6.03,75.76,27.85,34.8,Low Demand + High Problem
P0472,Smartphone 472,Mobile,Smartphone,11534,4.3,12439,0.125,90,25.96,3.29,12.54,68.18,25.96,34.7,Moderate
P0208,Fitness Watch 208,Watches,Fitness Watch,35802,3.6,13633,0.068,95,16.48,3.52,13.75,71.97,16.48,34.67,Low Demand + High Problem
P0096,Smart Watch 96,Watches,Smart Watch,33918,3.8,13654,0.132,91,20.87,3.56,13.77,68.94,20.87,34.5,Moderate
P0390,Smart Light 390,Home Appliances,Smart Light,39579,3.3,6492,0.052,109,12.94,3.67,6.55,82.58,12.94,34.44,Low Demand + High Problem
P0159,Analog Watch 159,Watches,Analog Watch,7493,4.3,19642,0.029,79,22.55,3.33,19.81,59.85,22.55,34.37,Moderate
P0031,Fitness Band 31,Wearables,Fitness Band,5801,4.1,17861,0.141,86,17.17,3.71,18.01,65.15,17.17,34.34,Moderate
P0027,Smart Ring 27,Wearables,Smart Ring,33954,4.1,7955,0.145,103,16.81,3.6,8.02,78.03,16.81,34.28,Low Demand + High Problem
P0100,Bluetooth Speaker 100,Audio,Bluetooth Speaker,20625,3.3,7855,0.051,96,25.0,3.36,7.92,72.73,25.0,34.02,Low Demand + High Problem
P0315,Bluetooth Speaker 315,Audio,Bluetooth Speaker,34346,4.7,2110,0.044,107,23.42,3.48,2.13,81.06,23.42,34.01,Low Demand + High Problem
P0290,Fitness Band 290,Wearables,Fitness Band,9885,4.5,8270,0.149,97,21.7,3.43,8.34,73.48,21.7,33.81,Low Demand + High Problem
P0378,Tablet 378,Mobile,Tablet,13344,4.5,7941,0.123,101,16.5,3.5,8.01,76.52,16.5,33.68,Low Demand + High Problem
P0182,Fitness Band 182,Wearables,Fitness Band,9456,4.7,7763,0.126,97,21.3,3.5,7.83,73.48,21.3,33.5,Low Demand + High Problem
P0482,Smartphone 482,Mobile,Smartphone,27144,4.6,10465,0.088,90,24.14,3.43,10.55,68.18,24.14,33.44,Moderate
P0445,Bluetooth Speaker 445,Audio,Bluetooth Speaker,43957,3.7,9649,0.136,91,23.91,3.41,9.73,68.94,23.91,33.29,Moderate
P0301,Bluetooth Speaker 301,Audio,Bluetooth Speaker,45376,4.1,1610,0.095,105,21.62,3.41,1.62,79.55,21.62,32.9,Low Demand + High Problem
P0178,Fitness Watch 178,Watches,Fitness Watch,36531,3.7,21144,0.11,74,17.39,3.58,21.32,56.06,17.39,32.69,Moderate
P0480,Headphones 480,Audio,Headphones,31071,4.7,4084,0.077,94,28.93,3.36,4.12,71.21,28.93,32.56,Low Demand + High Problem
P0410,Analog Watch 410,Watches,Analog Watch,28023,4.1,12413,0.121,89,16.5,3.69,12.52,67.42,16.5,32.53,Moderate
P0449,Bluetooth Speaker 449,Audio,Bluetooth Speaker,13873,4.7,10522,0.112,86,23.85,3.27,10.61,65.15,23.85,32.35,Moderate
P0498,Tablet 498,Mobile,Tablet,42371,3.9,9851,0.021,85,26.26,3.24,9.93,64.39,26.26,32.26,Moderate
P0307,Smartphone 307,Mobile,Smartphone,31868,4.5,2687,0.092,103,17.86,3.45,2.71,78.03,17.86,32.1,Low Demand + High Problem
P0244,Air Purifier 244,Home Appliances,Air Purifier,42333,4.4,1698,0.041,102,21.43,3.55,1.71,77.27,21.43,32.1,Low Demand + High Problem
P0068,Headphones 68,Audio,Headphones,38345,3.8,4261,0.079,100,18.09,3.57,4.3,75.76,18.09,32.07,Low Demand + High Problem
P0011,Smartphone 11,Mobile,Smartphone,10065,3.4,6675,0.131,87,29.82,3.35,6.73,65.91,29.82,32.06,Moderate
P0392,Wireless Earbuds 392,Audio,Wireless Earbuds,48655,3.6,3372,0.093,97,22.22,3.48,3.4,73.48,22.22,31.69,Low Demand + High Problem
P0206,Smartphone 206,Mobile,Smartphone,20035,4.8,10858,0.058,81,26.09,3.32,10.95,61.36,26.09,31.62,Moderate
P0366,Air Purifier 366,Home Appliances,Air Purifier,41517,4.4,5583,0.065,91,24.75,3.45,5.63,68.94,24.75,31.61,Moderate
P0438,Fitness Band 438,Wearables,Fitness Band,49886,4.4,10014,0.06,83,25.27,3.29,10.1,62.88,25.27,31.61,Moderate
P0432,Air Purifier 432,Home Appliances,Air Purifier,43091,4.3,5726,0.106,94,19.09,3.57,5.77,71.21,19.09,31.34,Low Demand + High Problem
P0295,Smart Ring 295,Wearables,Smart Ring,23527,4.5,6521,0.024,95,14.91,3.51,6.58,71.97,14.91,31.13,Low Demand + High Problem
P0243,Bluetooth Speaker 243,Audio,Bluetooth Speaker,43061,4.1,10242,0.142,87,16.47,3.56,10.33,65.91,16.47,31.01,Moderate
P0228,Fitness Watch 228,Watches,Fitness Watch,28475,4.8,2550,0.044,98,17.78,3.56,2.57,74.24,17.78,30.7,Low Demand + High Problem
P0081,Headphones 81,Audio,Headphones,47331,4.7,9829,0.106,85,18.37,3.59,9.91,64.39,18.37,30.67,Moderate
P0362,Bluetooth Speaker 362,Audio,Bluetooth Speaker,17900,4.4,9283,0.022,85,14.81,3.73,9.36,64.39,14.81,29.71,Moderate
P0298,Smartphone 298,Mobile,Smartphone,29130,4.4,642,0.04,100,14.12,3.65,0.65,75.76,14.12,29.63,Low Demand + High Problem
P0386,Smart Fan 386,Home Appliances,Smart Fan,42355,3.7,8103,0.011,74,18.95,3.66,8.17,56.06,18.95,27.09,Moderate
